method,dataset,token_budget,protocol,train_attack,test_attack,llm_pool,n_train_attack,n_test_attack,detector,scope,n_test_neg,n_test_pos,test_neg_score_mean,test_pos_score_mean,AUROC,AUPR,TPR@5FPR
DivPrune,ScienceQA_MC,32,base_sanity,base,base,image,500,500,vis_l06,layer,1000,500,-0.003732591339328792,3.233244236946106,0.9982719999999999,0.9967504609557716,0.994
DivPrune,ScienceQA_MC,32,base_sanity,base,base,image,500,500,vis_l12,layer,1000,500,0.02001678276329767,4.486126590974629,0.995016,0.9909591876108521,0.99
DivPrune,ScienceQA_MC,32,base_sanity,base,base,image,500,500,vis_l18,layer,1000,500,0.003010774973779917,1.957409671470523,0.9058339999999999,0.8168465995010287,0.504
DivPrune,ScienceQA_MC,32,base_sanity,base,base,image,500,500,vis_l24,layer,1000,500,-0.01513033684680704,3.7347524046599867,0.979944,0.9681093084091184,0.906
DivPrune,ScienceQA_MC,32,base_sanity,base,base,image,500,500,proj_in,layer,1000,500,-0.1477965724708047,2.5371065149381757,0.912002,0.866929621773139,0.636
DivPrune,ScienceQA_MC,32,base_sanity,base,base,image,500,500,proj_out,layer,1000,500,-0.12439623599487823,0.8170189303308726,0.7304180000000001,0.611009113268532,0.254
DivPrune,ScienceQA_MC,32,base_sanity,base,base,image,500,500,llm_image_l08,layer,1000,500,-0.1279955350602977,0.738385162651015,0.721608,0.5899141844563622,0.232
DivPrune,ScienceQA_MC,32,base_sanity,base,base,image,500,500,llm_image_l16,layer,1000,500,-0.13610630120988934,0.6684361461735098,0.720178,0.5966758010492689,0.244
DivPrune,ScienceQA_MC,32,base_sanity,base,base,image,500,500,llm_image_l24,layer,1000,500,-0.13246128410077654,0.7314894613207289,0.7432920000000001,0.6634098380887499,0.358
DivPrune,ScienceQA_MC,32,base_sanity,base,base,image,500,500,llm_image_l32,layer,1000,500,-0.15903351110313088,0.8543913740359712,0.76001,0.6523527442627238,0.354
DivPrune,ScienceQA_MC,32,base_sanity,base,base,image,500,500,visual_trajectory,stage,1000,500,0.007487558017921629,5.467226388403708,0.9987180000000001,0.9973436053413159,0.998
DivPrune,ScienceQA_MC,32,base_sanity,base,base,image,500,500,projector_trajectory,stage,1000,500,-0.1412074344807885,1.7400438483032301,0.84952,0.7753954363056219,0.464
DivPrune,ScienceQA_MC,32,base_sanity,base,base,image,500,500,llm_trajectory,stage,1000,500,-0.14210328612627718,0.7573815686710871,0.7421,0.6558944580575747,0.342
DivPrune,ScienceQA_MC,32,base_sanity,base,base,image,500,500,all_level_fused,fused,1000,500,-0.09194105419638136,2.654883935126008,0.984172,0.9715515823802339,0.902
DivPrune,ScienceQA_MC,32,cage_unseen_base_dir,base,cage,image,500,500,vis_l06,layer,1000,500,-0.003732591339328792,3.4100588204860687,0.99894,0.9980940546379922,0.994
DivPrune,ScienceQA_MC,32,cage_unseen_base_dir,base,cage,image,500,500,vis_l12,layer,1000,500,0.02001678276329767,6.025264906585217,0.99873,0.9981409396183454,0.998
DivPrune,ScienceQA_MC,32,cage_unseen_base_dir,base,cage,image,500,500,vis_l18,layer,1000,500,0.003010774973779917,2.673230935961008,0.954198,0.9087876279918886,0.652
DivPrune,ScienceQA_MC,32,cage_unseen_base_dir,base,cage,image,500,500,vis_l24,layer,1000,500,-0.01513033684680704,2.4854750919938087,0.9783040000000001,0.9484669248683497,0.894
DivPrune,ScienceQA_MC,32,cage_unseen_base_dir,base,cage,image,500,500,proj_in,layer,1000,500,-0.1477965724708047,1.6270663883592933,0.8222200000000001,0.7651238108628434,0.482
DivPrune,ScienceQA_MC,32,cage_unseen_base_dir,base,cage,image,500,500,proj_out,layer,1000,500,-0.12439623599487823,0.3787186684384942,0.62417,0.4755029409849311,0.152
DivPrune,ScienceQA_MC,32,cage_unseen_base_dir,base,cage,image,500,500,llm_image_l08,layer,1000,500,-0.1279955350602977,0.4168117502934765,0.644122,0.4817048680163504,0.148
DivPrune,ScienceQA_MC,32,cage_unseen_base_dir,base,cage,image,500,500,llm_image_l16,layer,1000,500,-0.13610630120988934,0.4846996803975198,0.665832,0.518233173096051,0.18
DivPrune,ScienceQA_MC,32,cage_unseen_base_dir,base,cage,image,500,500,llm_image_l24,layer,1000,500,-0.13246128410077654,0.6983330115750432,0.734874,0.6133615032260231,0.252
DivPrune,ScienceQA_MC,32,cage_unseen_base_dir,base,cage,image,500,500,llm_image_l32,layer,1000,500,-0.15903351110313088,0.8045575332026347,0.760004,0.6147817560301,0.276
DivPrune,ScienceQA_MC,32,cage_unseen_base_dir,base,cage,image,500,500,visual_trajectory,stage,1000,500,0.007487558017921629,6.413753057607093,0.9998800000000001,0.9997581229559562,1.0
DivPrune,ScienceQA_MC,32,cage_unseen_base_dir,base,cage,image,500,500,projector_trajectory,stage,1000,500,-0.1412074344807885,1.0405555772920851,0.75278,0.6636149559040907,0.326
DivPrune,ScienceQA_MC,32,cage_unseen_base_dir,base,cage,image,500,500,llm_trajectory,stage,1000,500,-0.14210328612627718,0.6185493152795386,0.711726,0.569550705601622,0.19
DivPrune,ScienceQA_MC,32,cage_unseen_base_dir,base,cage,image,500,500,all_level_fused,fused,1000,500,-0.09194105419638136,2.690952650059572,0.98669,0.9754967125131391,0.91
DivPrune,ScienceQA_MC,32,caa_unseen_base_dir,base,caa,image,500,496,vis_l06,layer,992,496,-0.0045624927611389735,1.0569006818789808,0.8067991512747137,0.6489057600687413,0.18951612903225806
DivPrune,ScienceQA_MC,32,caa_unseen_base_dir,base,caa,image,500,496,vis_l12,layer,992,496,0.013224726140775132,3.1627777912857007,0.9514828303850156,0.9340702575881592,0.8689516129032258
DivPrune,ScienceQA_MC,32,caa_unseen_base_dir,base,caa,image,500,496,vis_l18,layer,992,496,0.007380845387571401,1.4518324967563874,0.8590803037200833,0.6915065896630124,0.31451612903225806
DivPrune,ScienceQA_MC,32,caa_unseen_base_dir,base,caa,image,500,496,vis_l24,layer,992,496,-0.007642562827494394,1.1764235542683426,0.7871439255983351,0.6765591013561163,0.3911290322580645
DivPrune,ScienceQA_MC,32,caa_unseen_base_dir,base,caa,image,500,496,proj_in,layer,992,496,-0.1460607084011445,0.26073439718194064,0.6315564841311134,0.4350928340649781,0.0907258064516129
DivPrune,ScienceQA_MC,32,caa_unseen_base_dir,base,caa,image,500,496,proj_out,layer,992,496,-0.12350146050812327,0.5279831036379854,0.6951417793964619,0.4725718841188175,0.08669354838709678
DivPrune,ScienceQA_MC,32,caa_unseen_base_dir,base,caa,image,500,496,llm_image_l08,layer,992,496,-0.12721622278566488,0.4477912941491072,0.6812443093132154,0.44219931705167015,0.06451612903225806
DivPrune,ScienceQA_MC,32,caa_unseen_base_dir,base,caa,image,500,496,llm_image_l16,layer,992,496,-0.13479686095360516,0.48689682725202027,0.683388478798127,0.44302418865216103,0.06854838709677419
DivPrune,ScienceQA_MC,32,caa_unseen_base_dir,base,caa,image,500,496,llm_image_l24,layer,992,496,-0.1311957707866602,0.535673458426543,0.6915403876170655,0.45425519623132454,0.06451612903225806
DivPrune,ScienceQA_MC,32,caa_unseen_base_dir,base,caa,image,500,496,llm_image_l32,layer,992,496,-0.16129811221053975,0.7472287917898351,0.7511604936264308,0.6018404658011922,0.27419354838709675
DivPrune,ScienceQA_MC,32,caa_unseen_base_dir,base,caa,image,500,496,visual_trajectory,stage,992,496,0.00798702759087659,3.156288553254407,0.9701360887096775,0.9371188562227721,0.8830645161290323
DivPrune,ScienceQA_MC,32,caa_unseen_base_dir,base,caa,image,500,496,projector_trajectory,stage,992,496,-0.13984271861919764,0.40916866066939167,0.6700844660509886,0.4582772466702615,0.0907258064516129
DivPrune,ScienceQA_MC,32,caa_unseen_base_dir,base,caa,image,500,496,llm_trajectory,stage,992,496,-0.14147142871532223,0.5586719587587412,0.7048403355879292,0.47798311168171503,0.09879032258064516
DivPrune,ScienceQA_MC,32,caa_unseen_base_dir,base,caa,image,500,496,all_level_fused,fused,992,496,-0.09110903991454776,1.3747097242275135,0.9087762584547348,0.8262389195626728,0.5806451612903226
DivPrune,ScienceQA_MC,32,fata_unseen_base_dir,base,fata,image,500,500,vis_l06,layer,1000,500,-0.003732591339328792,3.1267468540668486,0.9976,0.9954356796435075,0.988
DivPrune,ScienceQA_MC,32,fata_unseen_base_dir,base,fata,image,500,500,vis_l12,layer,1000,500,0.02001678276329767,3.0359812271595,0.972756,0.9511241454915934,0.92
DivPrune,ScienceQA_MC,32,fata_unseen_base_dir,base,fata,image,500,500,vis_l18,layer,1000,500,0.003010774973779917,1.1413064066320657,0.800546,0.6052550905453541,0.29
DivPrune,ScienceQA_MC,32,fata_unseen_base_dir,base,fata,image,500,500,vis_l24,layer,1000,500,-0.01513033684680704,0.906248619990889,0.75198,0.5827838865004324,0.246
DivPrune,ScienceQA_MC,32,fata_unseen_base_dir,base,fata,image,500,500,proj_in,layer,1000,500,-0.1477965724708047,0.5036559361554682,0.654704,0.5224100285891955,0.194
DivPrune,ScienceQA_MC,32,fata_unseen_base_dir,base,fata,image,500,500,proj_out,layer,1000,500,-0.12439623599487823,0.18979197844490409,0.59752,0.41424462836189335,0.076
DivPrune,ScienceQA_MC,32,fata_unseen_base_dir,base,fata,image,500,500,llm_image_l08,layer,1000,500,-0.1279955350602977,0.15068435422703624,0.593506,0.3996801341879539,0.068
DivPrune,ScienceQA_MC,32,fata_unseen_base_dir,base,fata,image,500,500,llm_image_l16,layer,1000,500,-0.13610630120988934,0.168847551552346,0.598148,0.4002868429272751,0.068
DivPrune,ScienceQA_MC,32,fata_unseen_base_dir,base,fata,image,500,500,llm_image_l24,layer,1000,500,-0.13246128410077654,0.260814442133531,0.626296,0.44907588838255413,0.104
DivPrune,ScienceQA_MC,32,fata_unseen_base_dir,base,fata,image,500,500,llm_image_l32,layer,1000,500,-0.15903351110313088,0.3634347326075658,0.653376,0.4914406801145626,0.184
DivPrune,ScienceQA_MC,32,fata_unseen_base_dir,base,fata,image,500,500,visual_trajectory,stage,1000,500,0.007487558017921629,3.4110006432681748,0.9853820000000001,0.9607193864920125,0.968
DivPrune,ScienceQA_MC,32,fata_unseen_base_dir,base,fata,image,500,500,projector_trajectory,stage,1000,500,-0.1412074344807885,0.3597449700980377,0.6306019999999999,0.48081433930608847,0.156
DivPrune,ScienceQA_MC,32,fata_unseen_base_dir,base,fata,image,500,500,llm_trajectory,stage,1000,500,-0.14210328612627718,0.23681051511203746,0.6216520000000001,0.4434289273756731,0.1
DivPrune,ScienceQA_MC,32,fata_unseen_base_dir,base,fata,image,500,500,all_level_fused,fused,1000,500,-0.09194105419638136,1.3358520428260834,0.887918,0.8008814582645354,0.5
DivPrune,ScienceQA_MC,32,cage_aware,cage,cage,image,500,500,vis_l06,layer,1000,500,-0.002291605405509472,3.4959759464263915,0.998348,0.9969586423246448,0.992
DivPrune,ScienceQA_MC,32,cage_aware,cage,cage,image,500,500,vis_l12,layer,1000,500,0.03205394811928272,4.841782334327697,0.998062,0.9947808559024808,0.998
DivPrune,ScienceQA_MC,32,cage_aware,cage,cage,image,500,500,vis_l18,layer,1000,500,0.029990831524133683,2.803937471985817,0.9963420000000001,0.9928623025123573,0.99
DivPrune,ScienceQA_MC,32,cage_aware,cage,cage,image,500,500,vis_l24,layer,1000,500,-0.030287961479423756,4.140830502033234,0.9994559999999999,0.9989815541441596,0.998
DivPrune,ScienceQA_MC,32,cage_aware,cage,cage,image,500,500,proj_in,layer,1000,500,-0.09340164438079228,2.5220961402296087,0.887896,0.8452808142397462,0.646
DivPrune,ScienceQA_MC,32,cage_aware,cage,cage,image,500,500,proj_out,layer,1000,500,-0.07947403718414717,1.8914452990489081,0.8855219999999999,0.8332015599818797,0.588
DivPrune,ScienceQA_MC,32,cage_aware,cage,cage,image,500,500,llm_image_l08,layer,1000,500,-0.09046703237656038,1.5889104894441552,0.8662599999999999,0.8204870466545078,0.58
DivPrune,ScienceQA_MC,32,cage_aware,cage,cage,image,500,500,llm_image_l16,layer,1000,500,-0.08749666220182553,1.7486386964675038,0.8925120000000001,0.8508172256315057,0.618
DivPrune,ScienceQA_MC,32,cage_aware,cage,cage,image,500,500,llm_image_l24,layer,1000,500,-0.08278719282941893,2.3139366832952946,0.9416,0.9102427407127798,0.734
DivPrune,ScienceQA_MC,32,cage_aware,cage,cage,image,500,500,llm_image_l32,layer,1000,500,-0.0017665386468870565,3.0224583414793016,0.9882080000000001,0.9773116879332086,0.926
DivPrune,ScienceQA_MC,32,cage_aware,cage,cage,image,500,500,visual_trajectory,stage,1000,500,0.01897804167273557,4.7550342845188345,0.999868,0.9997422922096644,1.0
DivPrune,ScienceQA_MC,32,cage_aware,cage,cage,image,500,500,projector_trajectory,stage,1000,500,-0.08940822607807535,2.282604851610035,0.889236,0.8455630218599961,0.614
DivPrune,ScienceQA_MC,32,cage_aware,cage,cage,image,500,500,llm_trajectory,stage,1000,500,-0.07769365333852486,2.286376506317417,0.9378580000000001,0.9048485972346281,0.71
DivPrune,ScienceQA_MC,32,cage_aware,cage,cage,image,500,500,all_level_fused,fused,1000,500,-0.049374612581288224,3.1080052141487617,0.9886320000000001,0.9785301837535674,0.92
DivPrune,ScienceQA_MC,32,caa_aware,caa,caa,image,494,496,vis_l06,layer,992,496,-0.0018534189279190258,3.4617708727760585,0.9509442475286161,0.94993559987347,0.8911290322580645
DivPrune,ScienceQA_MC,32,caa_aware,caa,caa,image,494,496,vis_l12,layer,992,496,-0.022467134522131463,2.2936463031519745,0.8755019998699272,0.8942349472691197,0.8145161290322581
DivPrune,ScienceQA_MC,32,caa_aware,caa,caa,image,494,496,vis_l18,layer,992,496,-0.007734245243256972,3.120493257393865,0.8678520909209159,0.8714179451022467,0.7379032258064516
DivPrune,ScienceQA_MC,32,caa_aware,caa,caa,image,494,496,vis_l24,layer,992,496,0.014496906084757703,3.7481338856765256,0.8766442020031218,0.8721828629325796,0.7419354838709677
DivPrune,ScienceQA_MC,32,caa_aware,caa,caa,image,494,496,proj_in,layer,992,496,-0.08044093708984644,1.426041982050294,0.8103436361862643,0.7225915600210754,0.41330645161290325
DivPrune,ScienceQA_MC,32,caa_aware,caa,caa,image,494,496,proj_out,layer,992,496,-0.10485318153493403,0.7745674949687635,0.7523392787460977,0.6081293331820168,0.2721774193548387
DivPrune,ScienceQA_MC,32,caa_aware,caa,caa,image,494,496,llm_image_l08,layer,992,496,-0.1049865509039298,0.6759826054936463,0.7325539802289283,0.6016488433868543,0.25201612903225806
DivPrune,ScienceQA_MC,32,caa_aware,caa,caa,image,494,496,llm_image_l16,layer,992,496,-0.10469800757745097,0.6580662880120555,0.7429150949531738,0.6305056921462902,0.29838709677419356
DivPrune,ScienceQA_MC,32,caa_aware,caa,caa,image,494,496,llm_image_l24,layer,992,496,-0.11221713929039505,0.6835542468628949,0.766610708246618,0.6753940843229834,0.3850806451612903
DivPrune,ScienceQA_MC,32,caa_aware,caa,caa,image,494,496,llm_image_l32,layer,992,496,-0.1540867193121343,0.8799466182193306,0.7714254357440166,0.6549774963217563,0.3790322580645161
DivPrune,ScienceQA_MC,32,caa_aware,caa,caa,image,494,496,visual_trajectory,stage,992,496,-0.009609329050677384,3.6293444041813587,0.8988846253902185,0.9083366108811093,0.8366935483870968
DivPrune,ScienceQA_MC,32,caa_aware,caa,caa,image,494,496,projector_trajectory,stage,992,496,-0.0961007808384339,1.1413222786437118,0.7941617618366286,0.6955643565827152,0.3850806451612903
DivPrune,ScienceQA_MC,32,caa_aware,caa,caa,image,494,496,llm_trajectory,stage,992,496,-0.11866098387250759,0.7259656765829317,0.7635905794745057,0.6650178121316593,0.37701612903225806
DivPrune,ScienceQA_MC,32,caa_aware,caa,caa,image,494,496,all_level_fused,fused,992,496,-0.07479036458720628,1.832210786469334,0.8952832336108221,0.8780418817857041,0.7157258064516129
DivPrune,ScienceQA_MC,32,fata_aware,fata,fata,image,500,500,vis_l06,layer,1000,500,-0.006557829320430756,3.2929330883026124,0.998826,0.9977076834001357,0.998
DivPrune,ScienceQA_MC,32,fata_aware,fata,fata,image,500,500,vis_l12,layer,1000,500,-0.025257780698186252,4.103066827364266,0.9861699999999999,0.9687336386477785,0.938
DivPrune,ScienceQA_MC,32,fata_aware,fata,fata,image,500,500,vis_l18,layer,1000,500,-0.003742008201603312,1.413631141721271,0.839099,0.676937297207021,0.316
DivPrune,ScienceQA_MC,32,fata_aware,fata,fata,image,500,500,vis_l24,layer,1000,500,0.004851003759074956,1.2015033702682705,0.7962000000000001,0.7097998630002631,0.46
DivPrune,ScienceQA_MC,32,fata_aware,fata,fata,image,500,500,proj_in,layer,1000,500,-0.10502417765709106,0.47396449331077745,0.6591239999999999,0.4834193651176429,0.156
DivPrune,ScienceQA_MC,32,fata_aware,fata,fata,image,500,500,proj_out,layer,1000,500,-0.1122457106821239,0.18582514942809938,0.5962000000000001,0.41995529916330376,0.1
DivPrune,ScienceQA_MC,32,fata_aware,fata,fata,image,500,500,llm_image_l08,layer,1000,500,-0.110056965126656,0.171608848646807,0.5897600000000001,0.4104633167676321,0.08
DivPrune,ScienceQA_MC,32,fata_aware,fata,fata,image,500,500,llm_image_l16,layer,1000,500,-0.11048586228222121,0.19799382949061692,0.60616,0.4517467910919572,0.136
DivPrune,ScienceQA_MC,32,fata_aware,fata,fata,image,500,500,llm_image_l24,layer,1000,500,-0.11712258599768392,0.24629379280377178,0.639838,0.522630285570326,0.218
DivPrune,ScienceQA_MC,32,fata_aware,fata,fata,image,500,500,llm_image_l32,layer,1000,500,-0.14741272537317127,0.369497419106774,0.6541419999999999,0.5062012921482896,0.194
DivPrune,ScienceQA_MC,32,fata_aware,fata,fata,image,500,500,visual_trajectory,stage,1000,500,-0.013361307414977317,3.4748678291233905,0.986468,0.9659302113084112,0.96
DivPrune,ScienceQA_MC,32,fata_aware,fata,fata,image,500,500,projector_trajectory,stage,1000,500,-0.11126423099127376,0.33787928305928017,0.633446,0.46291648867206137,0.128
DivPrune,ScienceQA_MC,32,fata_aware,fata,fata,image,500,500,llm_trajectory,stage,1000,500,-0.12078822322598678,0.24230665296269568,0.627812,0.49234245672056226,0.17
DivPrune,ScienceQA_MC,32,fata_aware,fata,fata,image,500,500,all_level_fused,fused,1000,500,-0.08180458721074596,1.3516845883817887,0.8896439999999999,0.8254382333166841,0.582
DivPrune,TextVQA_Open,64,base_sanity,base,base,image,500,500,vis_l06,layer,1000,500,0.00590861951559782,4.017417019367218,0.9998980000000001,0.999805811728426,1.0
DivPrune,TextVQA_Open,64,base_sanity,base,base,image,500,500,vis_l12,layer,1000,500,-0.023344911770080218,4.135136439323425,0.9762860000000001,0.9693608327694678,0.956
DivPrune,TextVQA_Open,64,base_sanity,base,base,image,500,500,vis_l18,layer,1000,500,0.018641448749112898,2.1876230252534152,0.950512,0.8622883138998952,0.754
DivPrune,TextVQA_Open,64,base_sanity,base,base,image,500,500,vis_l24,layer,1000,500,-0.035656158953395786,2.392631549783051,0.949654,0.9207428090748766,0.794
DivPrune,TextVQA_Open,64,base_sanity,base,base,image,500,500,proj_in,layer,1000,500,-0.01258259055018425,1.7037071057343856,0.852622,0.7776833352571835,0.476
DivPrune,TextVQA_Open,64,base_sanity,base,base,image,500,500,proj_out,layer,1000,500,-0.04051467580907047,0.5663267090362497,0.678016,0.6170336859932031,0.348
DivPrune,TextVQA_Open,64,base_sanity,base,base,image,500,500,llm_image_l08,layer,1000,500,-0.03876510423840955,0.46161910507362336,0.665492,0.6145518607339814,0.36
DivPrune,TextVQA_Open,64,base_sanity,base,base,image,500,500,llm_image_l16,layer,1000,500,-0.015973647955805064,0.4434246417442337,0.662382,0.6170256518244837,0.378
DivPrune,TextVQA_Open,64,base_sanity,base,base,image,500,500,llm_image_l24,layer,1000,500,-0.01175786445569247,0.49518275063636247,0.674194,0.6405585991185583,0.418
DivPrune,TextVQA_Open,64,base_sanity,base,base,image,500,500,llm_image_l32,layer,1000,500,-0.04291965647204779,0.71091601946624,0.70669,0.5386748534965838,0.218
DivPrune,TextVQA_Open,64,base_sanity,base,base,image,500,500,visual_trajectory,stage,1000,500,-0.008582576844006767,4.176932857396317,0.990286,0.9795528066882057,0.982
DivPrune,TextVQA_Open,64,base_sanity,base,base,image,500,500,projector_trajectory,stage,1000,500,-0.02740153873663771,1.171480583726069,0.7715099999999999,0.6984074966440723,0.416
DivPrune,TextVQA_Open,64,base_sanity,base,base,image,500,500,llm_trajectory,stage,1000,500,-0.023618570096781887,0.5252051359808535,0.679348,0.6314839450440483,0.386
DivPrune,TextVQA_Open,64,base_sanity,base,base,image,500,500,all_level_fused,fused,1000,500,-0.019867561892475464,1.957872859034413,0.952668,0.9214814333292093,0.768
DivPrune,TextVQA_Open,64,cage_unseen_base_dir,base,cage,image,500,500,vis_l06,layer,1000,500,0.00590861951559782,4.093320518493653,0.999878,0.9997673976244216,1.0
DivPrune,TextVQA_Open,64,cage_unseen_base_dir,base,cage,image,500,500,vis_l12,layer,1000,500,-0.023344911770080218,5.4951318182349205,0.9887959999999999,0.9868345668902142,0.976
DivPrune,TextVQA_Open,64,cage_unseen_base_dir,base,cage,image,500,500,vis_l18,layer,1000,500,0.018641448749112898,3.6410171883106233,0.9880979999999999,0.9606260625805434,0.968
DivPrune,TextVQA_Open,64,cage_unseen_base_dir,base,cage,image,500,500,vis_l24,layer,1000,500,-0.035656158953395786,1.9989714642837644,0.9351799999999999,0.8809704343992937,0.686
DivPrune,TextVQA_Open,64,cage_unseen_base_dir,base,cage,image,500,500,proj_in,layer,1000,500,-0.01258259055018425,1.1724966402989812,0.769782,0.678624831320265,0.398
DivPrune,TextVQA_Open,64,cage_unseen_base_dir,base,cage,image,500,500,proj_out,layer,1000,500,-0.04051467580907047,0.13209901272319258,0.5495680000000001,0.3550011721076556,0.04
DivPrune,TextVQA_Open,64,cage_unseen_base_dir,base,cage,image,500,500,llm_image_l08,layer,1000,500,-0.03876510423840955,0.20577088683471084,0.5778760000000001,0.3774813064576986,0.056
DivPrune,TextVQA_Open,64,cage_unseen_base_dir,base,cage,image,500,500,llm_image_l16,layer,1000,500,-0.015973647955805064,0.3289629502668977,0.6131040000000001,0.47225819468600916,0.156
DivPrune,TextVQA_Open,64,cage_unseen_base_dir,base,cage,image,500,500,llm_image_l24,layer,1000,500,-0.01175786445569247,0.4786128415085841,0.674004,0.5829309262021578,0.312
DivPrune,TextVQA_Open,64,cage_unseen_base_dir,base,cage,image,500,500,llm_image_l32,layer,1000,500,-0.04291965647204779,1.0032461983510292,0.7850539999999999,0.6081936519871798,0.258
DivPrune,TextVQA_Open,64,cage_unseen_base_dir,base,cage,image,500,500,visual_trajectory,stage,1000,500,-0.008582576844006767,5.340657348720746,0.996856,0.9939416532970751,0.99
DivPrune,TextVQA_Open,64,cage_unseen_base_dir,base,cage,image,500,500,projector_trajectory,stage,1000,500,-0.02740153873663771,0.6732536167395364,0.69089,0.5846033290008107,0.288
DivPrune,TextVQA_Open,64,cage_unseen_base_dir,base,cage,image,500,500,llm_trajectory,stage,1000,500,-0.023618570096781887,0.4863572204456963,0.67605,0.5588501659578882,0.248
DivPrune,TextVQA_Open,64,cage_unseen_base_dir,base,cage,image,500,500,all_level_fused,fused,1000,500,-0.019867561892475464,2.1667560619686594,0.971526,0.9523272113019952,0.88
DivPrune,TextVQA_Open,64,caa_unseen_base_dir,base,caa,image,500,500,vis_l06,layer,1000,500,0.00590861951559782,1.832750878007151,0.952234,0.9191510327792909,0.824
DivPrune,TextVQA_Open,64,caa_unseen_base_dir,base,caa,image,500,500,vis_l12,layer,1000,500,-0.023344911770080218,3.043240266340785,0.934992,0.9171009564783761,0.884
DivPrune,TextVQA_Open,64,caa_unseen_base_dir,base,caa,image,500,500,vis_l18,layer,1000,500,0.018641448749112898,1.9041333102505886,0.914716,0.8120405074066673,0.632
DivPrune,TextVQA_Open,64,caa_unseen_base_dir,base,caa,image,500,500,vis_l24,layer,1000,500,-0.035656158953395786,1.8854619037304075,0.852502,0.8094745566105205,0.58
DivPrune,TextVQA_Open,64,caa_unseen_base_dir,base,caa,image,500,500,proj_in,layer,1000,500,-0.01258259055018425,0.5009463850960602,0.6579420000000001,0.45424900891076153,0.106
DivPrune,TextVQA_Open,64,caa_unseen_base_dir,base,caa,image,500,500,proj_out,layer,1000,500,-0.04051467580907047,0.4773561705974862,0.659464,0.4549666656398981,0.108
DivPrune,TextVQA_Open,64,caa_unseen_base_dir,base,caa,image,500,500,llm_image_l08,layer,1000,500,-0.03876510423840955,0.455371957667172,0.6501399999999999,0.44206436416059575,0.104
DivPrune,TextVQA_Open,64,caa_unseen_base_dir,base,caa,image,500,500,llm_image_l16,layer,1000,500,-0.015973647955805064,0.47307325492426755,0.642266,0.42741637327592397,0.092
DivPrune,TextVQA_Open,64,caa_unseen_base_dir,base,caa,image,500,500,llm_image_l24,layer,1000,500,-0.01175786445569247,0.5241908593028783,0.665502,0.4705036025648887,0.144
DivPrune,TextVQA_Open,64,caa_unseen_base_dir,base,caa,image,500,500,llm_image_l32,layer,1000,500,-0.04291965647204779,0.598001439236512,0.688606,0.4877611564645883,0.138
DivPrune,TextVQA_Open,64,caa_unseen_base_dir,base,caa,image,500,500,visual_trajectory,stage,1000,500,-0.008582576844006767,2.9839268527913982,0.956196,0.9261571533505111,0.906
DivPrune,TextVQA_Open,64,caa_unseen_base_dir,base,caa,image,500,500,projector_trajectory,stage,1000,500,-0.02740153873663771,0.5048658041671974,0.6617799999999999,0.4569937048901011,0.1
DivPrune,TextVQA_Open,64,caa_unseen_base_dir,base,caa,image,500,500,llm_trajectory,stage,1000,500,-0.023618570096781887,0.5248868383319616,0.6697679999999999,0.4732348299261272,0.098
DivPrune,TextVQA_Open,64,caa_unseen_base_dir,base,caa,image,500,500,all_level_fused,fused,1000,500,-0.019867561892475464,1.3378931650968524,0.891848,0.8190778776431931,0.628
DivPrune,TextVQA_Open,64,fata_unseen_base_dir,base,fata,image,500,500,vis_l06,layer,1000,500,0.00590861951559782,3.9533001132011414,0.999824,0.9996707103039332,1.0
DivPrune,TextVQA_Open,64,fata_unseen_base_dir,base,fata,image,500,500,vis_l12,layer,1000,500,-0.023344911770080218,2.568674142330885,0.94935,0.9019789212693985,0.902
DivPrune,TextVQA_Open,64,fata_unseen_base_dir,base,fata,image,500,500,vis_l18,layer,1000,500,0.018641448749112898,1.2785605729110538,0.8562400000000001,0.6859988682855995,0.304
DivPrune,TextVQA_Open,64,fata_unseen_base_dir,base,fata,image,500,500,vis_l24,layer,1000,500,-0.035656158953395786,0.9186436540130526,0.7633420000000001,0.6128077261224176,0.278
DivPrune,TextVQA_Open,64,fata_unseen_base_dir,base,fata,image,500,500,proj_in,layer,1000,500,-0.01258259055018425,0.5406019441476092,0.65831,0.48281508820494656,0.154
DivPrune,TextVQA_Open,64,fata_unseen_base_dir,base,fata,image,500,500,proj_out,layer,1000,500,-0.04051467580907047,0.21009734762262086,0.584452,0.42461939398572474,0.128
DivPrune,TextVQA_Open,64,fata_unseen_base_dir,base,fata,image,500,500,llm_image_l08,layer,1000,500,-0.03876510423840955,0.19084582308400422,0.580526,0.42067181239924933,0.12
DivPrune,TextVQA_Open,64,fata_unseen_base_dir,base,fata,image,500,500,llm_image_l16,layer,1000,500,-0.015973647955805064,0.20718884816905483,0.57548,0.405314481730927,0.108
DivPrune,TextVQA_Open,64,fata_unseen_base_dir,base,fata,image,500,500,llm_image_l24,layer,1000,500,-0.01175786445569247,0.2555448789958609,0.591278,0.43340236059182,0.15
DivPrune,TextVQA_Open,64,fata_unseen_base_dir,base,fata,image,500,500,llm_image_l32,layer,1000,500,-0.04291965647204779,0.36231396488239986,0.620214,0.4329901647234895,0.122
DivPrune,TextVQA_Open,64,fata_unseen_base_dir,base,fata,image,500,500,visual_trajectory,stage,1000,500,-0.008582576844006767,2.7545264179693802,0.97807,0.9325283466529357,0.946
DivPrune,TextVQA_Open,64,fata_unseen_base_dir,base,fata,image,500,500,projector_trajectory,stage,1000,500,-0.02740153873663771,0.3874081685011501,0.62446,0.46222871837401447,0.152
DivPrune,TextVQA_Open,64,fata_unseen_base_dir,base,fata,image,500,500,llm_trajectory,stage,1000,500,-0.023618570096781887,0.25463813089444126,0.596544,0.435607619051699,0.116
DivPrune,TextVQA_Open,64,fata_unseen_base_dir,base,fata,image,500,500,all_level_fused,fused,1000,500,-0.019867561892475464,1.132190905788324,0.8570859999999999,0.751188013874814,0.494
DivPrune,TextVQA_Open,64,cage_aware,cage,cage,image,500,500,vis_l06,layer,1000,500,0.010573293812572956,4.058650348186493,0.999682,0.9994065052935919,0.998
DivPrune,TextVQA_Open,64,cage_aware,cage,cage,image,500,500,vis_l12,layer,1000,500,-0.015376981955865631,5.581536809625104,0.993216,0.9884164135006729,0.988
DivPrune,TextVQA_Open,64,cage_aware,cage,cage,image,500,500,vis_l18,layer,1000,500,0.0242473151658196,3.700019836910069,0.986216,0.9708358770265327,0.962
DivPrune,TextVQA_Open,64,cage_aware,cage,cage,image,500,500,vis_l24,layer,1000,500,0.003297800079220906,4.102008171617984,0.98954,0.9810578432475975,0.95
DivPrune,TextVQA_Open,64,cage_aware,cage,cage,image,500,500,proj_in,layer,1000,500,-0.03193985354178585,2.8803741464223713,0.925956,0.8861713382193699,0.668
DivPrune,TextVQA_Open,64,cage_aware,cage,cage,image,500,500,proj_out,layer,1000,500,-0.0478590136540588,2.096577040173113,0.915174,0.8532537885654963,0.564
DivPrune,TextVQA_Open,64,cage_aware,cage,cage,image,500,500,llm_image_l08,layer,1000,500,-0.037723093674751,1.8852462242143229,0.8899279999999998,0.8305795768502992,0.54
DivPrune,TextVQA_Open,64,cage_aware,cage,cage,image,500,500,llm_image_l16,layer,1000,500,-0.016590645999764092,1.9430674110166728,0.92063,0.8771740626576742,0.642
DivPrune,TextVQA_Open,64,cage_aware,cage,cage,image,500,500,llm_image_l24,layer,1000,500,-0.010124685877235607,2.458447874560952,0.968842,0.9480505310416268,0.834
DivPrune,TextVQA_Open,64,cage_aware,cage,cage,image,500,500,llm_image_l32,layer,1000,500,-0.016710647972649893,2.3081403235569597,0.947182,0.8607584165445709,0.676
DivPrune,TextVQA_Open,64,cage_aware,cage,cage,image,500,500,visual_trajectory,stage,1000,500,0.006626159320135741,5.601582071481997,0.997042,0.9943279675870675,0.992
DivPrune,TextVQA_Open,64,cage_aware,cage,cage,image,500,500,projector_trajectory,stage,1000,500,-0.041823981323699584,2.6085066322023813,0.9285779999999999,0.8828459489066242,0.648
DivPrune,TextVQA_Open,64,cage_aware,cage,cage,image,500,500,llm_trajectory,stage,1000,500,-0.018841286772715585,2.2701572055151855,0.951616,0.9164435535420695,0.738
DivPrune,TextVQA_Open,64,cage_aware,cage,cage,image,500,500,all_level_fused,fused,1000,500,-0.018013036258759826,3.493415303066521,0.9935640000000001,0.9880565127317915,0.98
DivPrune,TextVQA_Open,64,caa_aware,caa,caa,image,500,500,vis_l06,layer,1000,500,0.031853193500079216,3.7496074985414745,0.9776400000000001,0.9780759465938158,0.958
DivPrune,TextVQA_Open,64,caa_aware,caa,caa,image,500,500,vis_l12,layer,1000,500,-0.039918977090739646,3.0859294045399874,0.910712,0.9274155589541015,0.874
DivPrune,TextVQA_Open,64,caa_aware,caa,caa,image,500,500,vis_l18,layer,1000,500,0.021099355952697806,3.0288115086792966,0.912984,0.9026783021412383,0.81
DivPrune,TextVQA_Open,64,caa_aware,caa,caa,image,500,500,vis_l24,layer,1000,500,-0.09364444932166953,2.435649448281154,0.871344,0.8535844532631415,0.652
DivPrune,TextVQA_Open,64,caa_aware,caa,caa,image,500,500,proj_in,layer,1000,500,-0.08269900772348046,1.1218376856648828,0.774772,0.694210066068521,0.37
DivPrune,TextVQA_Open,64,caa_aware,caa,caa,image,500,500,proj_out,layer,1000,500,-0.04361602278891951,0.6130179931772873,0.7040620000000001,0.5536443473523824,0.206
DivPrune,TextVQA_Open,64,caa_aware,caa,caa,image,500,500,llm_image_l08,layer,1000,500,-0.03757977624377236,0.5698313480901998,0.6953720000000001,0.5524785693624856,0.218
DivPrune,TextVQA_Open,64,caa_aware,caa,caa,image,500,500,llm_image_l16,layer,1000,500,-0.012653360914438963,0.5621253500573803,0.7028800000000001,0.5886774555050073,0.274
DivPrune,TextVQA_Open,64,caa_aware,caa,caa,image,500,500,llm_image_l24,layer,1000,500,-0.01032859320830903,0.5902180388108828,0.7114859999999998,0.6033112365230147,0.3
DivPrune,TextVQA_Open,64,caa_aware,caa,caa,image,500,500,llm_image_l32,layer,1000,500,-0.0359601349948789,0.7237397921106312,0.710942,0.5299845129025057,0.164
DivPrune,TextVQA_Open,64,caa_aware,caa,caa,image,500,500,visual_trajectory,stage,1000,500,-0.022291635279560698,4.128459584150128,0.94051,0.9447483549872098,0.888
DivPrune,TextVQA_Open,64,caa_aware,caa,caa,image,500,500,projector_trajectory,stage,1000,500,-0.06541383030174959,0.8984169287535555,0.7528400000000001,0.6648138842005734,0.324
DivPrune,TextVQA_Open,64,caa_aware,caa,caa,image,500,500,llm_trajectory,stage,1000,500,-0.02050825651844062,0.6175034152686303,0.7156100000000001,0.5854905646920208,0.268
DivPrune,TextVQA_Open,64,caa_aware,caa,caa,image,500,500,all_level_fused,fused,1000,500,-0.03607124069991697,1.8814599760574373,0.91625,0.8991630751966142,0.736
DivPrune,TextVQA_Open,64,fata_aware,fata,fata,image,500,500,vis_l06,layer,1000,500,0.005028671480249614,3.9796956281661986,0.9998759999999999,0.9997630079294264,1.0
DivPrune,TextVQA_Open,64,fata_aware,fata,fata,image,500,500,vis_l12,layer,1000,500,0.0035646191508567427,3.365806302309036,0.985738,0.9270491702662993,0.99
DivPrune,TextVQA_Open,64,fata_aware,fata,fata,image,500,500,vis_l18,layer,1000,500,0.026653951593558305,1.115880111137405,0.816096,0.6352134994121851,0.238
DivPrune,TextVQA_Open,64,fata_aware,fata,fata,image,500,500,vis_l24,layer,1000,500,-0.08924005388945806,0.895123736788053,0.7670319999999999,0.6439961565701433,0.304
DivPrune,TextVQA_Open,64,fata_aware,fata,fata,image,500,500,proj_in,layer,1000,500,-0.0542019238229841,0.5783955538717565,0.6844899999999999,0.514353166137961,0.198
DivPrune,TextVQA_Open,64,fata_aware,fata,fata,image,500,500,proj_out,layer,1000,500,-0.052047565596643836,0.28381089834868906,0.602926,0.44269198292149414,0.138
DivPrune,TextVQA_Open,64,fata_aware,fata,fata,image,500,500,llm_image_l08,layer,1000,500,-0.04022122371697333,0.24583137963479385,0.5941219999999999,0.42838170123304187,0.12
DivPrune,TextVQA_Open,64,fata_aware,fata,fata,image,500,500,llm_image_l16,layer,1000,500,-0.010191032582661137,0.2614123921347782,0.598394,0.44725069325828076,0.126
DivPrune,TextVQA_Open,64,fata_aware,fata,fata,image,500,500,llm_image_l24,layer,1000,500,-0.0017283200211822987,0.34236422965675595,0.622204,0.4896132394638582,0.208
DivPrune,TextVQA_Open,64,fata_aware,fata,fata,image,500,500,llm_image_l32,layer,1000,500,-0.035492875552736225,0.4474709615809843,0.6406,0.4548011460431938,0.118
DivPrune,TextVQA_Open,64,fata_aware,fata,fata,image,500,500,visual_trajectory,stage,1000,500,-0.0050141029164495875,2.9185454808903204,0.983312,0.9351985458469931,0.96
DivPrune,TextVQA_Open,64,fata_aware,fata,fata,image,500,500,projector_trajectory,stage,1000,500,-0.05449925674912089,0.44225723504222386,0.64742,0.4857362367960011,0.178
DivPrune,TextVQA_Open,64,fata_aware,fata,fata,image,500,500,llm_trajectory,stage,1000,500,-0.017244828070597285,0.32927174876753507,0.616834,0.4623882324850973,0.136
DivPrune,TextVQA_Open,64,fata_aware,fata,fata,image,500,500,all_level_fused,fused,1000,500,-0.025586062578722583,1.2300248215666931,0.8755740000000001,0.7738920640156453,0.498
DivPrune,VQAv2_MC,32,base_sanity,base,base,image,500,500,vis_l06,layer,1000,500,-0.0006263028308749199,4.168522444725037,1.0,1.0,1.0
DivPrune,VQAv2_MC,32,base_sanity,base,base,image,500,500,vis_l12,layer,1000,500,-0.06854044834419619,7.141206381917,0.996266,0.9965061042773375,0.992
DivPrune,VQAv2_MC,32,base_sanity,base,base,image,500,500,vis_l18,layer,1000,500,0.0445046712506155,3.432721435427666,0.9904040000000001,0.9814740854527716,0.952
DivPrune,VQAv2_MC,32,base_sanity,base,base,image,500,500,vis_l24,layer,1000,500,-0.05195011332305148,4.1302450189217925,0.985555,0.9757742534354887,0.946
DivPrune,VQAv2_MC,32,base_sanity,base,base,image,500,500,proj_in,layer,1000,500,0.016944558029368638,2.7930489183729517,0.925516,0.8870994951824004,0.656
DivPrune,VQAv2_MC,32,base_sanity,base,base,image,500,500,proj_out,layer,1000,500,0.008104162082541734,0.9800919067440554,0.7426819999999998,0.6392669743175381,0.238
DivPrune,VQAv2_MC,32,base_sanity,base,base,image,500,500,llm_image_l08,layer,1000,500,0.016653940350282937,0.8638174791149795,0.720094,0.6023491694869915,0.198
DivPrune,VQAv2_MC,32,base_sanity,base,base,image,500,500,llm_image_l16,layer,1000,500,0.03818652270478196,0.7652281924868003,0.71084,0.5863569697266935,0.188
DivPrune,VQAv2_MC,32,base_sanity,base,base,image,500,500,llm_image_l24,layer,1000,500,0.0394327667762991,0.787347230700776,0.739328,0.6424650789455488,0.258
DivPrune,VQAv2_MC,32,base_sanity,base,base,image,500,500,llm_image_l32,layer,1000,500,0.02395873807813041,1.0071099217432784,0.743298,0.6103195910018749,0.244
DivPrune,VQAv2_MC,32,base_sanity,base,base,image,500,500,visual_trajectory,stage,1000,500,-0.024492243659388093,7.165702193591996,0.999984,0.9999679910873538,1.0
DivPrune,VQAv2_MC,32,base_sanity,base,base,image,500,500,projector_trajectory,stage,1000,500,0.013383655912397197,2.01600754640336,0.8666639999999999,0.8193782676143857,0.586
DivPrune,VQAv2_MC,32,base_sanity,base,base,image,500,500,llm_trajectory,stage,1000,500,0.03400199821847778,0.8639036818323163,0.74119,0.6362141429193955,0.276
DivPrune,VQAv2_MC,32,base_sanity,base,base,image,500,500,all_level_fused,fused,1000,500,0.007631136823828967,3.348537807275891,0.99645,0.9936740867321068,0.978
DivPrune,VQAv2_MC,32,cage_unseen_base_dir,base,cage,image,500,500,vis_l06,layer,1000,500,-0.0006263028308749199,4.242179413795471,1.0,1.0,1.0
DivPrune,VQAv2_MC,32,cage_unseen_base_dir,base,cage,image,500,500,vis_l12,layer,1000,500,-0.06854044834419619,9.878375841140747,0.9999800000000001,0.9999603800124156,1.0
DivPrune,VQAv2_MC,32,cage_unseen_base_dir,base,cage,image,500,500,vis_l18,layer,1000,500,0.0445046712506155,6.208812078952789,0.999966,0.999931845764114,1.0
DivPrune,VQAv2_MC,32,cage_unseen_base_dir,base,cage,image,500,500,vis_l24,layer,1000,500,-0.05195011332305148,4.409961634039879,0.991824,0.9838392930641391,0.964
DivPrune,VQAv2_MC,32,cage_unseen_base_dir,base,cage,image,500,500,proj_in,layer,1000,500,0.016944558029368638,2.0793300065491347,0.86522,0.809532904513663,0.506
DivPrune,VQAv2_MC,32,cage_unseen_base_dir,base,cage,image,500,500,proj_out,layer,1000,500,0.008104162082541734,0.22376650349609553,0.5530079999999999,0.3817959426196045,0.07
DivPrune,VQAv2_MC,32,cage_unseen_base_dir,base,cage,image,500,500,llm_image_l08,layer,1000,500,0.016653940350282937,0.3242965943552554,0.579282,0.40247130009809573,0.076
DivPrune,VQAv2_MC,32,cage_unseen_base_dir,base,cage,image,500,500,llm_image_l16,layer,1000,500,0.03818652270478196,0.4810603352328762,0.619756,0.49705886587766385,0.178
DivPrune,VQAv2_MC,32,cage_unseen_base_dir,base,cage,image,500,500,llm_image_l24,layer,1000,500,0.0394327667762991,0.7017451822049916,0.70624,0.6095181235776677,0.234
DivPrune,VQAv2_MC,32,cage_unseen_base_dir,base,cage,image,500,500,llm_image_l32,layer,1000,500,0.02395873807813041,1.5454505485745613,0.836718,0.7420596608395945,0.394
DivPrune,VQAv2_MC,32,cage_unseen_base_dir,base,cage,image,500,500,visual_trajectory,stage,1000,500,-0.024492243659388093,9.934947747028371,1.0,1.0,1.0
DivPrune,VQAv2_MC,32,cage_unseen_base_dir,base,cage,image,500,500,projector_trajectory,stage,1000,500,0.013383655912397197,1.2305556997126392,0.7600499999999999,0.6810034277452057,0.382
DivPrune,VQAv2_MC,32,cage_unseen_base_dir,base,cage,image,500,500,llm_trajectory,stage,1000,500,0.03400199821847778,0.735306267104747,0.699962,0.5883369208945828,0.234
DivPrune,VQAv2_MC,32,cage_unseen_base_dir,base,cage,image,500,500,all_level_fused,fused,1000,500,0.007631136823828967,3.9669365712819196,0.99942,0.9990163979513265,0.996
DivPrune,VQAv2_MC,32,caa_unseen_base_dir,base,caa,image,500,500,vis_l06,layer,1000,500,-0.0006263028308749199,1.8273777576573194,0.979544,0.9528123069467368,0.954
DivPrune,VQAv2_MC,32,caa_unseen_base_dir,base,caa,image,500,500,vis_l12,layer,1000,500,-0.06854044834419619,5.3765961736291645,0.976936,0.97696108835225,0.944
DivPrune,VQAv2_MC,32,caa_unseen_base_dir,base,caa,image,500,500,vis_l18,layer,1000,500,0.0445046712506155,3.191771186310798,0.979078,0.9670597545732849,0.898
DivPrune,VQAv2_MC,32,caa_unseen_base_dir,base,caa,image,500,500,vis_l24,layer,1000,500,-0.05195011332305148,1.7060905549749732,0.8679479999999999,0.7743982032728707,0.464
DivPrune,VQAv2_MC,32,caa_unseen_base_dir,base,caa,image,500,500,proj_in,layer,1000,500,0.016944558029368638,0.023070485005155204,0.50579,0.3382674310910744,0.04
DivPrune,VQAv2_MC,32,caa_unseen_base_dir,base,caa,image,500,500,proj_out,layer,1000,500,0.008104162082541734,0.3974636276374804,0.6101460000000001,0.3989189142253341,0.078
DivPrune,VQAv2_MC,32,caa_unseen_base_dir,base,caa,image,500,500,llm_image_l08,layer,1000,500,0.016653940350282937,0.36904738983348945,0.597662,0.39280151557720455,0.076
DivPrune,VQAv2_MC,32,caa_unseen_base_dir,base,caa,image,500,500,llm_image_l16,layer,1000,500,0.03818652270478196,0.4301914872052148,0.60439,0.38811950125771,0.058
DivPrune,VQAv2_MC,32,caa_unseen_base_dir,base,caa,image,500,500,llm_image_l24,layer,1000,500,0.0394327667762991,0.5290392338968813,0.638626,0.42313680694950634,0.078
DivPrune,VQAv2_MC,32,caa_unseen_base_dir,base,caa,image,500,500,llm_image_l32,layer,1000,500,0.02395873807813041,0.743144741489552,0.6994119999999999,0.5089939636303177,0.122
DivPrune,VQAv2_MC,32,caa_unseen_base_dir,base,caa,image,500,500,visual_trajectory,stage,1000,500,-0.024492243659388093,5.030000165827923,0.993498,0.9917146972637331,0.974
DivPrune,VQAv2_MC,32,caa_unseen_base_dir,base,caa,image,500,500,projector_trajectory,stage,1000,500,0.013383655912397197,0.22469342985434507,0.56555,0.37116228615885316,0.066
DivPrune,VQAv2_MC,32,caa_unseen_base_dir,base,caa,image,500,500,llm_trajectory,stage,1000,500,0.03400199821847778,0.5261558687089607,0.640478,0.42628989653078875,0.082
DivPrune,VQAv2_MC,32,caa_unseen_base_dir,base,caa,image,500,500,all_level_fused,fused,1000,500,0.007631136823828967,1.926949821463743,0.95492,0.9354101124372081,0.81
DivPrune,VQAv2_MC,32,fata_unseen_base_dir,base,fata,image,500,500,vis_l06,layer,1000,500,-0.0006263028308749199,4.0842633862495425,1.0,1.0,1.0
DivPrune,VQAv2_MC,32,fata_unseen_base_dir,base,fata,image,500,500,vis_l12,layer,1000,500,-0.06854044834419619,4.212209224432707,0.9854959999999999,0.9842204492560896,0.964
DivPrune,VQAv2_MC,32,fata_unseen_base_dir,base,fata,image,500,500,vis_l18,layer,1000,500,0.0445046712506155,1.872024602582678,0.911922,0.8287642037950301,0.546
DivPrune,VQAv2_MC,32,fata_unseen_base_dir,base,fata,image,500,500,vis_l24,layer,1000,500,-0.05195011332305148,0.9981118841953576,0.764278,0.61081990925084,0.254
DivPrune,VQAv2_MC,32,fata_unseen_base_dir,base,fata,image,500,500,proj_in,layer,1000,500,0.016944558029368638,0.6597686438441742,0.6615399999999999,0.502337171822169,0.136
DivPrune,VQAv2_MC,32,fata_unseen_base_dir,base,fata,image,500,500,proj_out,layer,1000,500,0.008104162082541734,0.36181908937450497,0.59924,0.41251505340861316,0.068
DivPrune,VQAv2_MC,32,fata_unseen_base_dir,base,fata,image,500,500,llm_image_l08,layer,1000,500,0.016653940350282937,0.3629921737553086,0.59763,0.4111860149000743,0.072
DivPrune,VQAv2_MC,32,fata_unseen_base_dir,base,fata,image,500,500,llm_image_l16,layer,1000,500,0.03818652270478196,0.3918622584566474,0.599396,0.4012615096451947,0.056
DivPrune,VQAv2_MC,32,fata_unseen_base_dir,base,fata,image,500,500,llm_image_l24,layer,1000,500,0.0394327667762991,0.4534862019866705,0.625806,0.43322536220280117,0.078
DivPrune,VQAv2_MC,32,fata_unseen_base_dir,base,fata,image,500,500,llm_image_l32,layer,1000,500,0.02395873807813041,0.5177934822086245,0.64144,0.44630737188078173,0.092
DivPrune,VQAv2_MC,32,fata_unseen_base_dir,base,fata,image,500,500,visual_trajectory,stage,1000,500,-0.024492243659388093,4.197914388071382,0.998962,0.9977069881130217,1.0
DivPrune,VQAv2_MC,32,fata_unseen_base_dir,base,fata,image,500,500,projector_trajectory,stage,1000,500,0.013383655912397197,0.545839310561041,0.6383559999999999,0.4767327649113424,0.144
DivPrune,VQAv2_MC,32,fata_unseen_base_dir,base,fata,image,500,500,llm_trajectory,stage,1000,500,0.03400199821847778,0.4464385699241309,0.621116,0.4232840264979738,0.092
DivPrune,VQAv2_MC,32,fata_unseen_base_dir,base,fata,image,500,500,all_level_fused,fused,1000,500,0.007631136823828967,1.7300640895188513,0.9357619999999999,0.9007985909611728,0.722
DivPrune,VQAv2_MC,32,cage_aware,cage,cage,image,500,500,vis_l06,layer,1000,500,0.003444896012544632,4.37575734949112,1.0,1.0,1.0
DivPrune,VQAv2_MC,32,cage_aware,cage,cage,image,500,500,vis_l12,layer,1000,500,-0.083522816198878,10.389939099788666,0.999994,0.99998803187251,1.0
DivPrune,VQAv2_MC,32,cage_aware,cage,cage,image,500,500,vis_l18,layer,1000,500,0.15479806864721468,5.889329356193542,0.999234,0.9987520737086579,0.996
DivPrune,VQAv2_MC,32,cage_aware,cage,cage,image,500,500,vis_l24,layer,1000,500,-0.04596306592592737,9.252187996864318,0.999672,0.9993904154266469,0.998
DivPrune,VQAv2_MC,32,cage_aware,cage,cage,image,500,500,proj_in,layer,1000,500,-0.0061455283366376534,3.8025326240547,0.9378340000000001,0.9208575086750598,0.788
DivPrune,VQAv2_MC,32,cage_aware,cage,cage,image,500,500,proj_out,layer,1000,500,0.03683888627158012,2.4399513140805067,0.9124380000000001,0.8833760934645379,0.694
DivPrune,VQAv2_MC,32,cage_aware,cage,cage,image,500,500,llm_image_l08,layer,1000,500,0.008118728265515528,2.32302734096162,0.899384,0.8807760299329073,0.742
DivPrune,VQAv2_MC,32,cage_aware,cage,cage,image,500,500,llm_image_l16,layer,1000,500,0.0022580277433153243,2.3495127899982036,0.935154,0.9167422026196368,0.78
DivPrune,VQAv2_MC,32,cage_aware,cage,cage,image,500,500,llm_image_l24,layer,1000,500,0.04110398172057467,2.9163593611866236,0.9634860000000001,0.9505445474675078,0.846
DivPrune,VQAv2_MC,32,cage_aware,cage,cage,image,500,500,llm_image_l32,layer,1000,500,0.0585527362775083,3.770327548623085,0.9726239999999999,0.9480997235099687,0.844
DivPrune,VQAv2_MC,32,cage_aware,cage,cage,image,500,500,visual_trajectory,stage,1000,500,0.024192087311498994,11.169857677899994,1.0,1.0,1.0
DivPrune,VQAv2_MC,32,cage_aware,cage,cage,image,500,500,projector_trajectory,stage,1000,500,0.016081391093129668,3.2706729868649624,0.93157,0.9115038511653007,0.772
DivPrune,VQAv2_MC,32,cage_aware,cage,cage,image,500,500,llm_trajectory,stage,1000,500,0.02674007986501419,2.898106213425097,0.96231,0.949348390393559,0.852
DivPrune,VQAv2_MC,32,cage_aware,cage,cage,image,500,500,all_level_fused,fused,1000,500,0.022337852756547625,5.779545626063351,0.9998699999999999,0.9997673353503158,0.998
DivPrune,VQAv2_MC,32,caa_aware,caa,caa,image,500,500,vis_l06,layer,1000,500,0.003164498289232142,4.098109962228685,0.994476,0.9945341476276677,0.988
DivPrune,VQAv2_MC,32,caa_aware,caa,caa,image,500,500,vis_l12,layer,1000,500,-0.0816318454311695,4.748418504193425,0.9533559999999999,0.9638495105703211,0.936
DivPrune,VQAv2_MC,32,caa_aware,caa,caa,image,500,500,vis_l18,layer,1000,500,0.166236369473394,3.746624456614256,0.9641660000000001,0.9497483345635075,0.86
DivPrune,VQAv2_MC,32,caa_aware,caa,caa,image,500,500,vis_l24,layer,1000,500,0.13948659663600846,3.5853685170933605,0.95839,0.9434598165437188,0.842
DivPrune,VQAv2_MC,32,caa_aware,caa,caa,image,500,500,proj_in,layer,1000,500,-0.013814396678819322,0.9373762443689629,0.767728,0.6801295892699968,0.374
DivPrune,VQAv2_MC,32,caa_aware,caa,caa,image,500,500,proj_out,layer,1000,500,-0.018860011044656858,0.5349034924081061,0.68591,0.5161231822698069,0.15
DivPrune,VQAv2_MC,32,caa_aware,caa,caa,image,500,500,llm_image_l08,layer,1000,500,-0.025870727877132595,0.5011597045389935,0.6866720000000001,0.5530138605895485,0.234
DivPrune,VQAv2_MC,32,caa_aware,caa,caa,image,500,500,llm_image_l16,layer,1000,500,-0.010743301923386753,0.521170855153352,0.7188300000000001,0.6070683433013482,0.276
DivPrune,VQAv2_MC,32,caa_aware,caa,caa,image,500,500,llm_image_l24,layer,1000,500,-0.001732300060451962,0.5709607813898474,0.727824,0.612602264029487,0.264
DivPrune,VQAv2_MC,32,caa_aware,caa,caa,image,500,500,llm_image_l32,layer,1000,500,0.010594580141594633,0.8350057734544389,0.729374,0.5690366478477805,0.202
DivPrune,VQAv2_MC,32,caa_aware,caa,caa,image,500,500,visual_trajectory,stage,1000,500,0.07567399239467847,5.987129433662177,0.9802719999999999,0.9792683091725921,0.952
DivPrune,VQAv2_MC,32,caa_aware,caa,caa,image,500,500,projector_trajectory,stage,1000,500,-0.01662291994101287,0.7490135766235081,0.7489159999999999,0.6550691716006913,0.348
DivPrune,VQAv2_MC,32,caa_aware,caa,caa,image,500,500,llm_trajectory,stage,1000,500,-0.006829616987867714,0.59768173609931,0.739538,0.6379880086410362,0.32
DivPrune,VQAv2_MC,32,caa_aware,caa,caa,image,500,500,all_level_fused,fused,1000,500,0.017407151821932643,2.444608248794998,0.966018,0.9633762685833461,0.908
DivPrune,VQAv2_MC,32,fata_aware,fata,fata,image,500,500,vis_l06,layer,1000,500,0.0011866656467318536,4.197573440074921,1.0,1.0,1.0
DivPrune,VQAv2_MC,32,fata_aware,fata,fata,image,500,500,vis_l12,layer,1000,500,0.0024275304563052486,4.701033934593201,0.998294,0.9962076695180568,1.0
DivPrune,VQAv2_MC,32,fata_aware,fata,fata,image,500,500,vis_l18,layer,1000,500,0.13675764927771525,1.42128439004533,0.83605,0.6672149498151316,0.284
DivPrune,VQAv2_MC,32,fata_aware,fata,fata,image,500,500,vis_l24,layer,1000,500,0.14413063635700382,1.3368399789230898,0.78828,0.7000731489756934,0.454
DivPrune,VQAv2_MC,32,fata_aware,fata,fata,image,500,500,proj_in,layer,1000,500,0.0012920550596900284,0.5827309357733466,0.6766779999999999,0.5378689978956764,0.214
DivPrune,VQAv2_MC,32,fata_aware,fata,fata,image,500,500,proj_out,layer,1000,500,0.0022240437152795493,0.342406747502042,0.6060880000000001,0.4104395379731116,0.074
DivPrune,VQAv2_MC,32,fata_aware,fata,fata,image,500,500,llm_image_l08,layer,1000,500,-6.542319525033235e-05,0.3347871867660433,0.5988739999999999,0.40562776267467526,0.064
DivPrune,VQAv2_MC,32,fata_aware,fata,fata,image,500,500,llm_image_l16,layer,1000,500,0.013603106684051455,0.36503359631821514,0.6007119999999999,0.4002693622926401,0.072
DivPrune,VQAv2_MC,32,fata_aware,fata,fata,image,500,500,llm_image_l24,layer,1000,500,0.015796022586524485,0.41654282572120427,0.633046,0.4444358257380423,0.102
DivPrune,VQAv2_MC,32,fata_aware,fata,fata,image,500,500,llm_image_l32,layer,1000,500,0.024720051572658122,0.5791894726781175,0.661594,0.4785899346407445,0.126
DivPrune,VQAv2_MC,32,fata_aware,fata,fata,image,500,500,visual_trajectory,stage,1000,500,0.09095638229060063,3.8167695723995494,0.9961679999999999,0.9910492175728673,0.996
DivPrune,VQAv2_MC,32,fata_aware,fata,fata,image,500,500,projector_trajectory,stage,1000,500,0.0017929223708655969,0.4717444676389554,0.656258,0.5108739680654946,0.176
DivPrune,VQAv2_MC,32,fata_aware,fata,fata,image,500,500,llm_trajectory,stage,1000,500,0.014206851262380006,0.42170165599992593,0.631114,0.44512812036913313,0.088
DivPrune,VQAv2_MC,32,fata_aware,fata,fata,image,500,500,all_level_fused,fused,1000,500,0.035652051974615406,1.5700718986794768,0.917026,0.8914605518294803,0.75
DivPrune,VQAv2_Open,64,base_sanity,base,base,image,500,500,vis_l06,layer,1000,500,-0.030564530553296207,4.09321031332016,0.9999540000000001,0.9999096191075737,1.0
DivPrune,VQAv2_Open,64,base_sanity,base,base,image,500,500,vis_l12,layer,1000,500,-0.07389183769118972,6.574615071058274,0.9968039999999999,0.9950178865733744,0.978
DivPrune,VQAv2_Open,64,base_sanity,base,base,image,500,500,vis_l18,layer,1000,500,0.00246651144977659,3.4323364458084105,0.9915999999999999,0.9826550380001913,0.968
DivPrune,VQAv2_Open,64,base_sanity,base,base,image,500,500,vis_l24,layer,1000,500,0.026713922711322086,4.640015334263444,0.991204,0.9813563624138383,0.978
DivPrune,VQAv2_Open,64,base_sanity,base,base,image,500,500,proj_in,layer,1000,500,0.08498865638952702,3.3804281770400704,0.9712100000000001,0.951856268942703,0.862
DivPrune,VQAv2_Open,64,base_sanity,base,base,image,500,500,proj_out,layer,1000,500,-0.15997729331301525,1.3244615617974196,0.830456,0.729087833830911,0.384
DivPrune,VQAv2_Open,64,base_sanity,base,base,image,500,500,llm_image_l08,layer,1000,500,-0.14319180546468124,1.119604103310965,0.802074,0.6769195899883838,0.332
DivPrune,VQAv2_Open,64,base_sanity,base,base,image,500,500,llm_image_l16,layer,1000,500,-0.14979054603620898,0.9889584469946567,0.782848,0.6512089158299241,0.29
DivPrune,VQAv2_Open,64,base_sanity,base,base,image,500,500,llm_image_l24,layer,1000,500,-0.18022203219142102,1.0702741427888687,0.79935,0.6976281772329993,0.372
DivPrune,VQAv2_Open,64,base_sanity,base,base,image,500,500,llm_image_l32,layer,1000,500,-0.28086058583913837,1.1371054112333805,0.8021440000000001,0.6532430195892386,0.304
DivPrune,VQAv2_Open,64,base_sanity,base,base,image,500,500,visual_trajectory,stage,1000,500,-0.036817871056919214,7.214718220999808,0.999834,0.9996734740499416,1.0
DivPrune,VQAv2_Open,64,base_sanity,base,base,image,500,500,projector_trajectory,stage,1000,500,-0.041313620187139605,2.592073135656523,0.941402,0.8995502468854346,0.7
DivPrune,VQAv2_Open,64,base_sanity,base,base,image,500,500,llm_trajectory,stage,1000,500,-0.19005337995936014,1.1176539356463768,0.8039499999999999,0.6944710169139596,0.398
DivPrune,VQAv2_Open,64,base_sanity,base,base,image,500,500,all_level_fused,fused,1000,500,-0.08939495706780633,3.6414817641009027,0.997606,0.9948061309201375,0.994
DivPrune,VQAv2_Open,64,cage_unseen_base_dir,base,cage,image,500,500,vis_l06,layer,1000,500,-0.030564530553296207,4.15881292629242,0.999968,0.99993631809271,1.0
DivPrune,VQAv2_Open,64,cage_unseen_base_dir,base,cage,image,500,500,vis_l12,layer,1000,500,-0.07389183769118972,8.958492369174957,0.999674,0.999410675941438,0.998
DivPrune,VQAv2_Open,64,cage_unseen_base_dir,base,cage,image,500,500,vis_l18,layer,1000,500,0.00246651144977659,6.166419074058533,0.9999879999999999,0.9999761193793415,1.0
DivPrune,VQAv2_Open,64,cage_unseen_base_dir,base,cage,image,500,500,vis_l24,layer,1000,500,0.026713922711322086,4.815322431564331,0.9946059999999999,0.9865227186393819,0.99
DivPrune,VQAv2_Open,64,cage_unseen_base_dir,base,cage,image,500,500,proj_in,layer,1000,500,0.08498865638952702,2.3683474208135156,0.9227739999999999,0.8786603555874164,0.696
DivPrune,VQAv2_Open,64,cage_unseen_base_dir,base,cage,image,500,500,proj_out,layer,1000,500,-0.15997729331301525,0.23700985526107252,0.60394,0.45689373384634124,0.124
DivPrune,VQAv2_Open,64,cage_unseen_base_dir,base,cage,image,500,500,llm_image_l08,layer,1000,500,-0.14319180546468124,0.3608070300165564,0.636148,0.483161619152484,0.142
DivPrune,VQAv2_Open,64,cage_unseen_base_dir,base,cage,image,500,500,llm_image_l16,layer,1000,500,-0.14979054603620898,0.7300506239633542,0.718624,0.5755598377712626,0.2
DivPrune,VQAv2_Open,64,cage_unseen_base_dir,base,cage,image,500,500,llm_image_l24,layer,1000,500,-0.18022203219142102,1.2486650813329034,0.8200179999999999,0.7238387451251688,0.404
DivPrune,VQAv2_Open,64,cage_unseen_base_dir,base,cage,image,500,500,llm_image_l32,layer,1000,500,-0.28086058583913837,2.135864163508639,0.9176540000000001,0.8315344320441126,0.532
DivPrune,VQAv2_Open,64,cage_unseen_base_dir,base,cage,image,500,500,visual_trajectory,stage,1000,500,-0.036817871056919214,9.844106843412167,1.0,1.0,1.0
DivPrune,VQAv2_Open,64,cage_unseen_base_dir,base,cage,image,500,500,projector_trajectory,stage,1000,500,-0.041313620187139605,1.4353740428635124,0.82742,0.7319884438367024,0.402
DivPrune,VQAv2_Open,64,cage_unseen_base_dir,base,cage,image,500,500,llm_trajectory,stage,1000,500,-0.19005337995936014,1.131491060598575,0.804994,0.6814436012866942,0.34
DivPrune,VQAv2_Open,64,cage_unseen_base_dir,base,cage,image,500,500,all_level_fused,fused,1000,500,-0.08939495706780633,4.136990648958085,0.9987820000000001,0.9976598858744092,0.996
DivPrune,VQAv2_Open,64,caa_unseen_base_dir,base,caa,image,500,500,vis_l06,layer,1000,500,-0.030564530553296207,1.741044338002801,0.970282,0.9395569019935226,0.932
DivPrune,VQAv2_Open,64,caa_unseen_base_dir,base,caa,image,500,500,vis_l12,layer,1000,500,-0.07389183769118972,4.906261171817779,0.9706079999999999,0.9761665307013558,0.954
DivPrune,VQAv2_Open,64,caa_unseen_base_dir,base,caa,image,500,500,vis_l18,layer,1000,500,0.00246651144977659,3.0723140586134976,0.973258,0.9596383203488807,0.914
DivPrune,VQAv2_Open,64,caa_unseen_base_dir,base,caa,image,500,500,vis_l24,layer,1000,500,0.026713922711322086,1.462336811109504,0.8099259999999999,0.7194238431384534,0.482
DivPrune,VQAv2_Open,64,caa_unseen_base_dir,base,caa,image,500,500,proj_in,layer,1000,500,0.08498865638952702,-0.15852226050937315,0.424584,0.3028825286956774,0.034
DivPrune,VQAv2_Open,64,caa_unseen_base_dir,base,caa,image,500,500,proj_out,layer,1000,500,-0.15997729331301525,0.3721230567100283,0.675458,0.4653920280680089,0.076
DivPrune,VQAv2_Open,64,caa_unseen_base_dir,base,caa,image,500,500,llm_image_l08,layer,1000,500,-0.14319180546468124,0.3274166518347338,0.660158,0.4510247855128454,0.074
DivPrune,VQAv2_Open,64,caa_unseen_base_dir,base,caa,image,500,500,llm_image_l16,layer,1000,500,-0.14979054603620898,0.40100705600518266,0.672958,0.4491201809499913,0.072
DivPrune,VQAv2_Open,64,caa_unseen_base_dir,base,caa,image,500,500,llm_image_l24,layer,1000,500,-0.18022203219142102,0.5512389370040037,0.707612,0.47672025321117406,0.084
DivPrune,VQAv2_Open,64,caa_unseen_base_dir,base,caa,image,500,500,llm_image_l32,layer,1000,500,-0.28086058583913837,0.7569179762960412,0.7502679999999999,0.5595066396707014,0.186
DivPrune,VQAv2_Open,64,caa_unseen_base_dir,base,caa,image,500,500,visual_trajectory,stage,1000,500,-0.036817871056919214,4.808752836582078,0.9824719999999999,0.980445053640818,0.958
DivPrune,VQAv2_Open,64,caa_unseen_base_dir,base,caa,image,500,500,projector_trajectory,stage,1000,500,-0.041313620187139605,0.11767946108442294,0.561558,0.37750620111659083,0.072
DivPrune,VQAv2_Open,64,caa_unseen_base_dir,base,caa,image,500,500,llm_trajectory,stage,1000,500,-0.19005337995936014,0.5239815387676752,0.7080380000000001,0.48615082189768805,0.108
DivPrune,VQAv2_Open,64,caa_unseen_base_dir,base,caa,image,500,500,all_level_fused,fused,1000,500,-0.08939495706780633,1.8168046121447257,0.943296,0.8910285153855803,0.746
DivPrune,VQAv2_Open,64,fata_unseen_base_dir,base,fata,image,500,500,vis_l06,layer,1000,500,-0.030564530553296207,4.007890248060226,0.99996,0.9999205377931843,1.0
DivPrune,VQAv2_Open,64,fata_unseen_base_dir,base,fata,image,500,500,vis_l12,layer,1000,500,-0.07389183769118972,3.8477938774228098,0.971746,0.9750580363997503,0.958
DivPrune,VQAv2_Open,64,fata_unseen_base_dir,base,fata,image,500,500,vis_l18,layer,1000,500,0.00246651144977659,1.7490471244584769,0.908172,0.8109493326155732,0.526
DivPrune,VQAv2_Open,64,fata_unseen_base_dir,base,fata,image,500,500,vis_l24,layer,1000,500,0.026713922711322086,1.0348861015028232,0.743594,0.6198250973517196,0.336
DivPrune,VQAv2_Open,64,fata_unseen_base_dir,base,fata,image,500,500,proj_in,layer,1000,500,0.08498865638952702,0.7600413112109528,0.6875,0.54725311727808,0.19
DivPrune,VQAv2_Open,64,fata_unseen_base_dir,base,fata,image,500,500,proj_out,layer,1000,500,-0.15997729331301525,0.34714503191551194,0.646238,0.4756957732999214,0.112
DivPrune,VQAv2_Open,64,fata_unseen_base_dir,base,fata,image,500,500,llm_image_l08,layer,1000,500,-0.14319180546468124,0.33352767329663036,0.638232,0.46698081083911774,0.108
DivPrune,VQAv2_Open,64,fata_unseen_base_dir,base,fata,image,500,500,llm_image_l16,layer,1000,500,-0.14979054603620898,0.32989568982040507,0.635678,0.4563921204056897,0.104
DivPrune,VQAv2_Open,64,fata_unseen_base_dir,base,fata,image,500,500,llm_image_l24,layer,1000,500,-0.18022203219142102,0.41957401869713795,0.664934,0.4846051060944576,0.11
DivPrune,VQAv2_Open,64,fata_unseen_base_dir,base,fata,image,500,500,llm_image_l32,layer,1000,500,-0.28086058583913837,0.4386982388813049,0.68292,0.48873214512054375,0.152
DivPrune,VQAv2_Open,64,fata_unseen_base_dir,base,fata,image,500,500,visual_trajectory,stage,1000,500,-0.036817871056919214,4.074892950259062,0.991946,0.9843171612084339,0.982
DivPrune,VQAv2_Open,64,fata_unseen_base_dir,base,fata,image,500,500,projector_trajectory,stage,1000,500,-0.041313620187139605,0.6099841097593192,0.6829240000000001,0.5254220802909413,0.186
DivPrune,VQAv2_Open,64,fata_unseen_base_dir,base,fata,image,500,500,llm_trajectory,stage,1000,500,-0.19005337995936014,0.39816585617552164,0.662892,0.48287251447923274,0.136
DivPrune,VQAv2_Open,64,fata_unseen_base_dir,base,fata,image,500,500,all_level_fused,fused,1000,500,-0.08939495706780633,1.6943476387313012,0.934078,0.8645667688321625,0.64
DivPrune,VQAv2_Open,64,cage_aware,cage,cage,image,500,500,vis_l06,layer,1000,500,-0.027651973482221363,4.242027394294738,0.9998900000000001,0.9997850814732596,1.0
DivPrune,VQAv2_Open,64,cage_aware,cage,cage,image,500,500,vis_l12,layer,1000,500,-0.06835233813594095,9.108889880657197,0.999918,0.999837661925254,1.0
DivPrune,VQAv2_Open,64,cage_aware,cage,cage,image,500,500,vis_l18,layer,1000,500,0.0323080265012104,5.624087648391724,0.999506,0.9991101631395495,0.996
DivPrune,VQAv2_Open,64,cage_aware,cage,cage,image,500,500,vis_l24,layer,1000,500,0.17176541433366946,8.871827966213226,0.999772,0.9995345126465529,1.0
DivPrune,VQAv2_Open,64,cage_aware,cage,cage,image,500,500,proj_in,layer,1000,500,-0.03290214339469094,6.935878076314927,0.997176,0.9942359601448081,0.992
DivPrune,VQAv2_Open,64,cage_aware,cage,cage,image,500,500,proj_out,layer,1000,500,0.013364562904549529,4.306444968521595,0.993376,0.9875774352397065,0.964
DivPrune,VQAv2_Open,64,cage_aware,cage,cage,image,500,500,llm_image_l08,layer,1000,500,0.030086118464590982,4.783021667599678,0.995762,0.9920642668365468,0.98
DivPrune,VQAv2_Open,64,cage_aware,cage,cage,image,500,500,llm_image_l16,layer,1000,500,0.07576861069689039,4.829856080770493,0.99908,0.9983476239355922,0.994
DivPrune,VQAv2_Open,64,cage_aware,cage,cage,image,500,500,llm_image_l24,layer,1000,500,0.1554918470805278,5.909342370510101,0.999552,0.9991519288501542,0.998
DivPrune,VQAv2_Open,64,cage_aware,cage,cage,image,500,500,llm_image_l32,layer,1000,500,-0.08587146244989709,5.921970815300941,0.993656,0.9862593712213503,0.99
DivPrune,VQAv2_Open,64,cage_aware,cage,cage,image,500,500,visual_trajectory,stage,1000,500,0.017409042088452124,10.291922015245644,1.0,1.0,1.0
DivPrune,VQAv2_Open,64,cage_aware,cage,cage,image,500,500,projector_trajectory,stage,1000,500,-0.01184467424276892,6.815664869522683,0.998002,0.9958090794288521,1.0
DivPrune,VQAv2_Open,64,cage_aware,cage,cage,image,500,500,llm_trajectory,stage,1000,500,0.07518808329788623,5.949337809686337,0.999274,0.9985947371679409,1.0
DivPrune,VQAv2_Open,64,cage_aware,cage,cage,image,500,500,all_level_fused,fused,1000,500,0.02691748371452313,7.685641564818221,0.999962,0.9999241624526976,1.0
DivPrune,VQAv2_Open,64,caa_aware,caa,caa,image,500,500,vis_l06,layer,1000,500,-0.0020751395563129334,3.9760837601423265,0.9830339999999999,0.9850739783506024,0.972
DivPrune,VQAv2_Open,64,caa_aware,caa,caa,image,500,500,vis_l12,layer,1000,500,-0.0657681511124174,4.264423431515693,0.960038,0.9693201882792245,0.944
DivPrune,VQAv2_Open,64,caa_aware,caa,caa,image,500,500,vis_l18,layer,1000,500,-0.13841001245810183,3.598523699194193,0.9497199999999999,0.9405209118356408,0.87
DivPrune,VQAv2_Open,64,caa_aware,caa,caa,image,500,500,vis_l24,layer,1000,500,-0.19807941672578455,3.393480969117023,0.930956,0.9163995340528978,0.78
DivPrune,VQAv2_Open,64,caa_aware,caa,caa,image,500,500,proj_in,layer,1000,500,-0.34171858985652215,1.1551138562762644,0.82358,0.7298150454200499,0.414
DivPrune,VQAv2_Open,64,caa_aware,caa,caa,image,500,500,proj_out,layer,1000,500,-0.3426892431303859,0.5366134470347315,0.748694,0.6139113322877634,0.256
DivPrune,VQAv2_Open,64,caa_aware,caa,caa,image,500,500,llm_image_l08,layer,1000,500,-0.3574108401526464,0.45988464607764035,0.7393879999999999,0.6093801176050557,0.256
DivPrune,VQAv2_Open,64,caa_aware,caa,caa,image,500,500,llm_image_l16,layer,1000,500,-0.36984775136760434,0.47515205601230265,0.749176,0.6280990087605748,0.308
DivPrune,VQAv2_Open,64,caa_aware,caa,caa,image,500,500,llm_image_l24,layer,1000,500,-0.3437560001010861,0.5680028879381717,0.757302,0.6168610883539554,0.302
DivPrune,VQAv2_Open,64,caa_aware,caa,caa,image,500,500,llm_image_l32,layer,1000,500,-0.31655313007999214,0.9440512316790409,0.791466,0.6300201615605013,0.294
DivPrune,VQAv2_Open,64,caa_aware,caa,caa,image,500,500,visual_trajectory,stage,1000,500,-0.15148220443822222,5.749364902172923,0.9653239999999998,0.9692276477837307,0.94
DivPrune,VQAv2_Open,64,caa_aware,caa,caa,image,500,500,projector_trajectory,stage,1000,500,-0.35292227138385535,0.8723573986568797,0.793626,0.6952541238353249,0.378
DivPrune,VQAv2_Open,64,caa_aware,caa,caa,image,500,500,llm_trajectory,stage,1000,500,-0.35686564659511816,0.5927877744972051,0.7621,0.6217027762666663,0.29
DivPrune,VQAv2_Open,64,caa_aware,caa,caa,image,500,500,all_level_fused,fused,1000,500,-0.28709004080573186,2.404836691775669,0.95399,0.9449236992305526,0.844
DivPrune,VQAv2_Open,64,fata_aware,fata,fata,image,500,500,vis_l06,layer,1000,500,-0.025464978888630866,4.156548258304596,0.9999859999999999,0.9999721349361588,1.0
DivPrune,VQAv2_Open,64,fata_aware,fata,fata,image,500,500,vis_l12,layer,1000,500,-0.06397891649891972,4.576402974605561,0.99492,0.9786814792325428,1.0
DivPrune,VQAv2_Open,64,fata_aware,fata,fata,image,500,500,vis_l18,layer,1000,500,-0.07009672287059948,1.1788356538955123,0.8455440000000001,0.674436704402957,0.324
DivPrune,VQAv2_Open,64,fata_aware,fata,fata,image,500,500,vis_l24,layer,1000,500,-0.17595935712801292,1.1460202173794969,0.764304,0.6714217454654527,0.346
DivPrune,VQAv2_Open,64,fata_aware,fata,fata,image,500,500,proj_in,layer,1000,500,-0.25707246857043353,0.7523869536889252,0.755644,0.6065407081070802,0.222
DivPrune,VQAv2_Open,64,fata_aware,fata,fata,image,500,500,proj_out,layer,1000,500,-0.2959347401857376,0.31384441023739057,0.664526,0.5155147718427401,0.184
DivPrune,VQAv2_Open,64,fata_aware,fata,fata,image,500,500,llm_image_l08,layer,1000,500,-0.30446973819658163,0.2728465118259191,0.666544,0.5182955599223709,0.186
DivPrune,VQAv2_Open,64,fata_aware,fata,fata,image,500,500,llm_image_l16,layer,1000,500,-0.3053962786697084,0.24562046653870492,0.658326,0.49665754077865587,0.152
DivPrune,VQAv2_Open,64,fata_aware,fata,fata,image,500,500,llm_image_l24,layer,1000,500,-0.2857414656281471,0.37097574306745085,0.685452,0.5423033727956407,0.228
DivPrune,VQAv2_Open,64,fata_aware,fata,fata,image,500,500,llm_image_l32,layer,1000,500,-0.28168008253260635,0.5830866769063286,0.716496,0.5344038602060743,0.164
DivPrune,VQAv2_Open,64,fata_aware,fata,fata,image,500,500,visual_trajectory,stage,1000,500,-0.10042535248161033,3.5957066263305024,0.994236,0.9791354950516392,1.0
DivPrune,VQAv2_Open,64,fata_aware,fata,fata,image,500,500,projector_trajectory,stage,1000,500,-0.2871709709437068,0.5536830329872843,0.71632,0.5720655295974443,0.21
DivPrune,VQAv2_Open,64,fata_aware,fata,fata,image,500,500,llm_trajectory,stage,1000,500,-0.3036126604921818,0.35867218565455233,0.684964,0.5331837662193218,0.188
DivPrune,VQAv2_Open,64,fata_aware,fata,fata,image,500,500,all_level_fused,fused,1000,500,-0.2304029946391663,1.5026872816574464,0.919144,0.8540110289802488,0.578
FlowCut,ScienceQA_MC,32,base_sanity,base,base,image,500,500,vis_l06,layer,1000,500,-0.003732591339328792,3.233244236946106,0.9982719999999999,0.9967504609557716,0.994
FlowCut,ScienceQA_MC,32,base_sanity,base,base,image,500,500,vis_l12,layer,1000,500,0.02001678276329767,4.486126590974629,0.995016,0.9909591876108521,0.99
FlowCut,ScienceQA_MC,32,base_sanity,base,base,image,500,500,vis_l18,layer,1000,500,0.003010774973779917,1.957409671470523,0.9058339999999999,0.8168465995010287,0.504
FlowCut,ScienceQA_MC,32,base_sanity,base,base,image,500,500,vis_l24,layer,1000,500,-0.01513033684680704,3.7347524046599867,0.979944,0.9681093084091184,0.906
FlowCut,ScienceQA_MC,32,base_sanity,base,base,image,500,500,proj_in,layer,1000,500,-0.0075695678985648555,2.991800804046914,0.937382,0.8967071666983123,0.696
FlowCut,ScienceQA_MC,32,base_sanity,base,base,image,500,500,proj_out,layer,1000,500,-0.02827559530141298,2.393903108648956,0.8920239999999999,0.8595948411377174,0.694
FlowCut,ScienceQA_MC,32,base_sanity,base,base,image,500,500,llm_image_l08,layer,1000,500,-0.04658061643829569,2.0296824112096803,0.88645,0.814991899130765,0.524
FlowCut,ScienceQA_MC,32,base_sanity,base,base,image,500,500,llm_image_l16,layer,1000,500,-0.07447443382802885,2.596590632652864,0.9495659999999999,0.9182922391980228,0.81
FlowCut,ScienceQA_MC,32,base_sanity,base,base,image,500,500,llm_image_l24,layer,1000,500,-0.02469238361972384,3.361454659089446,0.966254,0.9420961999415126,0.838
FlowCut,ScienceQA_MC,32,base_sanity,base,base,image,500,500,llm_image_l32,layer,1000,500,0.00023192448443478498,2.3244490138813854,0.949428,0.9074111079884831,0.694
FlowCut,ScienceQA_MC,32,base_sanity,base,base,image,500,500,visual_trajectory,stage,1000,500,0.007487558017921629,5.467226388403708,0.9987180000000001,0.9973436053413159,0.998
FlowCut,ScienceQA_MC,32,base_sanity,base,base,image,500,500,projector_trajectory,stage,1000,500,-0.019604299853727553,2.9455292863387967,0.931722,0.9018707454403309,0.74
FlowCut,ScienceQA_MC,32,base_sanity,base,base,image,500,500,llm_trajectory,stage,1000,500,-0.0489302859560943,3.253633183095907,0.97669,0.9608621073951741,0.888
FlowCut,ScienceQA_MC,32,base_sanity,base,base,image,500,500,all_level_fused,fused,1000,500,-0.020349009263966763,3.8887962859461367,0.996562,0.9932510226010594,0.98
FlowCut,ScienceQA_MC,32,cage_unseen_base_dir,base,cage,image,500,500,vis_l06,layer,1000,500,-0.003732591339328792,3.4100588204860687,0.99894,0.9980940546379922,0.994
FlowCut,ScienceQA_MC,32,cage_unseen_base_dir,base,cage,image,500,500,vis_l12,layer,1000,500,0.02001678276329767,6.025264906585217,0.99873,0.9981409396183454,0.998
FlowCut,ScienceQA_MC,32,cage_unseen_base_dir,base,cage,image,500,500,vis_l18,layer,1000,500,0.003010774973779917,2.673230935961008,0.954198,0.9087876279918886,0.652
FlowCut,ScienceQA_MC,32,cage_unseen_base_dir,base,cage,image,500,500,vis_l24,layer,1000,500,-0.01513033684680704,2.4854750919938087,0.9783040000000001,0.9484669248683497,0.894
FlowCut,ScienceQA_MC,32,cage_unseen_base_dir,base,cage,image,500,500,proj_in,layer,1000,500,-0.0075695678985648555,1.6625429939716123,0.89612,0.749311354117073,0.37
FlowCut,ScienceQA_MC,32,cage_unseen_base_dir,base,cage,image,500,500,proj_out,layer,1000,500,-0.02827559530141298,1.8756162914335728,0.949576,0.8734020311870266,0.746
FlowCut,ScienceQA_MC,32,cage_unseen_base_dir,base,cage,image,500,500,llm_image_l08,layer,1000,500,-0.04658061643829569,2.3499002231359483,0.967708,0.8981660248934802,0.806
FlowCut,ScienceQA_MC,32,cage_unseen_base_dir,base,cage,image,500,500,llm_image_l16,layer,1000,500,-0.07447443382802885,3.129236631155014,0.991928,0.977193831382752,0.994
FlowCut,ScienceQA_MC,32,cage_unseen_base_dir,base,cage,image,500,500,llm_image_l24,layer,1000,500,-0.02469238361972384,3.851806584380567,0.98223,0.9686410236019608,0.906
FlowCut,ScienceQA_MC,32,cage_unseen_base_dir,base,cage,image,500,500,llm_image_l32,layer,1000,500,0.00023192448443478498,2.031634769689292,0.930474,0.8645865713483888,0.58
FlowCut,ScienceQA_MC,32,cage_unseen_base_dir,base,cage,image,500,500,visual_trajectory,stage,1000,500,0.007487558017921629,6.413753057607093,0.9998800000000001,0.9997581229559562,1.0
FlowCut,ScienceQA_MC,32,cage_unseen_base_dir,base,cage,image,500,500,projector_trajectory,stage,1000,500,-0.019604299853727553,1.9350770060624356,0.941222,0.8503000623309896,0.664
FlowCut,ScienceQA_MC,32,cage_unseen_base_dir,base,cage,image,500,500,llm_trajectory,stage,1000,500,-0.0489302859560943,3.6682606630204364,0.9940640000000001,0.9869519242057638,0.986
FlowCut,ScienceQA_MC,32,cage_unseen_base_dir,base,cage,image,500,500,all_level_fused,fused,1000,500,-0.020349009263966763,4.005696908896655,0.999726,0.9994288716227129,1.0
FlowCut,ScienceQA_MC,32,caa_unseen_base_dir,base,caa,image,500,496,vis_l06,layer,992,496,-0.0045624927611389735,1.0569006818789808,0.8067991512747137,0.6489057600687413,0.18951612903225806
FlowCut,ScienceQA_MC,32,caa_unseen_base_dir,base,caa,image,500,496,vis_l12,layer,992,496,0.013224726140775132,3.1627777912857007,0.9514828303850156,0.9340702575881592,0.8689516129032258
FlowCut,ScienceQA_MC,32,caa_unseen_base_dir,base,caa,image,500,496,vis_l18,layer,992,496,0.007380845387571401,1.4518324967563874,0.8590803037200833,0.6915065896630124,0.31451612903225806
FlowCut,ScienceQA_MC,32,caa_unseen_base_dir,base,caa,image,500,496,vis_l24,layer,992,496,-0.007642562827494394,1.1764235542683426,0.7871439255983351,0.6765591013561163,0.3911290322580645
FlowCut,ScienceQA_MC,32,caa_unseen_base_dir,base,caa,image,500,496,proj_in,layer,992,496,-0.00924618736818898,-0.12097144922271612,0.4628133942507804,0.3168030480070878,0.046370967741935484
FlowCut,ScienceQA_MC,32,caa_unseen_base_dir,base,caa,image,500,496,proj_out,layer,992,496,-0.03471018579183428,0.128806114608221,0.5516653388397502,0.3811644254386923,0.0846774193548387
FlowCut,ScienceQA_MC,32,caa_unseen_base_dir,base,caa,image,500,496,llm_image_l08,layer,992,496,-0.05129011909922419,0.32952013173076744,0.6174273218002081,0.43584505842886,0.0846774193548387
FlowCut,ScienceQA_MC,32,caa_unseen_base_dir,base,caa,image,500,496,llm_image_l16,layer,992,496,-0.07269801325415873,0.5101940417033245,0.6678142885015609,0.49728757967942566,0.16532258064516128
FlowCut,ScienceQA_MC,32,caa_unseen_base_dir,base,caa,image,500,496,llm_image_l24,layer,992,496,-0.02009139584885317,0.32543133420873466,0.5977294159729448,0.4057413368243633,0.08064516129032258
FlowCut,ScienceQA_MC,32,caa_unseen_base_dir,base,caa,image,500,496,llm_image_l32,layer,992,496,0.00853400013917207,0.6015350040672216,0.6691353407908429,0.4832475625370938,0.1310483870967742
FlowCut,ScienceQA_MC,32,caa_unseen_base_dir,base,caa,image,500,496,visual_trajectory,stage,992,496,0.00798702759087659,3.156288553254407,0.9701360887096775,0.9371188562227721,0.8830645161290323
FlowCut,ScienceQA_MC,32,caa_unseen_base_dir,base,caa,image,500,496,projector_trajectory,stage,992,496,-0.024040452831502804,0.00428491058499674,0.512549996748179,0.34142667714275,0.06048387096774194
FlowCut,ScienceQA_MC,32,caa_unseen_base_dir,base,caa,image,500,496,llm_trajectory,stage,992,496,-0.04566122118370045,0.5203954020993115,0.6530124056971904,0.4788959565961768,0.16129032258064516
FlowCut,ScienceQA_MC,32,caa_unseen_base_dir,base,caa,image,500,496,all_level_fused,fused,992,496,-0.020571548808108887,1.2269896219795717,0.8747357895421436,0.7289928086323794,0.3709677419354839
FlowCut,ScienceQA_MC,32,fata_unseen_base_dir,base,fata,image,500,500,vis_l06,layer,1000,500,-0.003732591339328792,3.1267468540668486,0.9976,0.9954356796435075,0.988
FlowCut,ScienceQA_MC,32,fata_unseen_base_dir,base,fata,image,500,500,vis_l12,layer,1000,500,0.02001678276329767,3.0359812271595,0.972756,0.9511241454915934,0.92
FlowCut,ScienceQA_MC,32,fata_unseen_base_dir,base,fata,image,500,500,vis_l18,layer,1000,500,0.003010774973779917,1.1413064066320657,0.800546,0.6052550905453541,0.29
FlowCut,ScienceQA_MC,32,fata_unseen_base_dir,base,fata,image,500,500,vis_l24,layer,1000,500,-0.01513033684680704,0.906248619990889,0.75198,0.5827838865004324,0.246
FlowCut,ScienceQA_MC,32,fata_unseen_base_dir,base,fata,image,500,500,proj_in,layer,1000,500,-0.0075695678985648555,0.8966267498126254,0.7054600000000001,0.5582673211636877,0.16
FlowCut,ScienceQA_MC,32,fata_unseen_base_dir,base,fata,image,500,500,proj_out,layer,1000,500,-0.02827559530141298,0.9961064537959173,0.706882,0.6098924264725792,0.29
FlowCut,ScienceQA_MC,32,fata_unseen_base_dir,base,fata,image,500,500,llm_image_l08,layer,1000,500,-0.04658061643829569,1.354252765675541,0.7705759999999999,0.6868699591096832,0.41
FlowCut,ScienceQA_MC,32,fata_unseen_base_dir,base,fata,image,500,500,llm_image_l16,layer,1000,500,-0.07447443382802885,1.4609532494153827,0.818712,0.7436496431621845,0.496
FlowCut,ScienceQA_MC,32,fata_unseen_base_dir,base,fata,image,500,500,llm_image_l24,layer,1000,500,-0.02469238361972384,1.3829241606136784,0.8110959999999999,0.6890452780510696,0.336
FlowCut,ScienceQA_MC,32,fata_unseen_base_dir,base,fata,image,500,500,llm_image_l32,layer,1000,500,0.00023192448443478498,1.2232976362034678,0.7969859999999999,0.6757059503589707,0.318
FlowCut,ScienceQA_MC,32,fata_unseen_base_dir,base,fata,image,500,500,visual_trajectory,stage,1000,500,0.007487558017921629,3.4110006432681748,0.9853820000000001,0.9607193864920125,0.968
FlowCut,ScienceQA_MC,32,fata_unseen_base_dir,base,fata,image,500,500,projector_trajectory,stage,1000,500,-0.019604299853727553,1.0351666537935666,0.7200320000000001,0.6028647391421433,0.268
FlowCut,ScienceQA_MC,32,fata_unseen_base_dir,base,fata,image,500,500,llm_trajectory,stage,1000,500,-0.0489302859560943,1.6528521422002673,0.848292,0.7747346898416424,0.522
FlowCut,ScienceQA_MC,32,fata_unseen_base_dir,base,fata,image,500,500,all_level_fused,fused,1000,500,-0.020349009263966763,2.033006479754003,0.9518239999999999,0.8974747685462166,0.704
FlowCut,ScienceQA_MC,32,cage_aware,cage,cage,image,500,500,vis_l06,layer,1000,500,-0.002291605405509472,3.4959759464263915,0.998348,0.9969586423246448,0.992
FlowCut,ScienceQA_MC,32,cage_aware,cage,cage,image,500,500,vis_l12,layer,1000,500,0.03205394811928272,4.841782334327697,0.998062,0.9947808559024808,0.998
FlowCut,ScienceQA_MC,32,cage_aware,cage,cage,image,500,500,vis_l18,layer,1000,500,0.029990831524133683,2.803937471985817,0.9963420000000001,0.9928623025123573,0.99
FlowCut,ScienceQA_MC,32,cage_aware,cage,cage,image,500,500,vis_l24,layer,1000,500,-0.030287961479423756,4.140830502033234,0.9994559999999999,0.9989815541441596,0.998
FlowCut,ScienceQA_MC,32,cage_aware,cage,cage,image,500,500,proj_in,layer,1000,500,-0.04262779441179009,4.7318352072238925,0.999654,0.9993695195215204,0.998
FlowCut,ScienceQA_MC,32,cage_aware,cage,cage,image,500,500,proj_out,layer,1000,500,-0.03341751235572155,3.68026825428009,0.9973980000000001,0.9947477130927973,0.996
FlowCut,ScienceQA_MC,32,cage_aware,cage,cage,image,500,500,llm_image_l08,layer,1000,500,-0.054521352832671253,3.833811739444733,0.9991340000000001,0.998263367106313,1.0
FlowCut,ScienceQA_MC,32,cage_aware,cage,cage,image,500,500,llm_image_l16,layer,1000,500,-0.08426079486077652,4.335681568622589,0.999568,0.9991640186690653,1.0
FlowCut,ScienceQA_MC,32,cage_aware,cage,cage,image,500,500,llm_image_l24,layer,1000,500,-0.025283108220726717,4.622052312850952,0.9965740000000001,0.9939925767345957,0.98
FlowCut,ScienceQA_MC,32,cage_aware,cage,cage,image,500,500,llm_image_l32,layer,1000,500,-0.023191277026664465,4.296637539148331,0.9997619999999999,0.9995271287290968,1.0
FlowCut,ScienceQA_MC,32,cage_aware,cage,cage,image,500,500,visual_trajectory,stage,1000,500,0.01897804167273557,4.7550342845188345,0.999868,0.9997422922096644,1.0
FlowCut,ScienceQA_MC,32,cage_aware,cage,cage,image,500,500,projector_trajectory,stage,1000,500,-0.04184067214563143,4.628399445991084,0.999788,0.9996163767977837,0.998
FlowCut,ScienceQA_MC,32,cage_aware,cage,cage,image,500,500,llm_trajectory,stage,1000,500,-0.05746910996861918,5.043238770237982,0.9998339999999999,0.9996829672746872,1.0
FlowCut,ScienceQA_MC,32,cage_aware,cage,cage,image,500,500,all_level_fused,fused,1000,500,-0.026777246813838355,4.808890833582633,1.0,1.0,1.0
FlowCut,ScienceQA_MC,32,caa_aware,caa,caa,image,494,496,vis_l06,layer,992,496,-0.0018534189279190258,3.4617708727760585,0.9509442475286161,0.94993559987347,0.8911290322580645
FlowCut,ScienceQA_MC,32,caa_aware,caa,caa,image,494,496,vis_l12,layer,992,496,-0.022467134522131463,2.2936463031519745,0.8755019998699272,0.8942349472691197,0.8145161290322581
FlowCut,ScienceQA_MC,32,caa_aware,caa,caa,image,494,496,vis_l18,layer,992,496,-0.007734245243256972,3.120493257393865,0.8678520909209159,0.8714179451022467,0.7379032258064516
FlowCut,ScienceQA_MC,32,caa_aware,caa,caa,image,494,496,vis_l24,layer,992,496,0.014496906084757703,3.7481338856765256,0.8766442020031218,0.8721828629325796,0.7419354838709677
FlowCut,ScienceQA_MC,32,caa_aware,caa,caa,image,494,496,proj_in,layer,992,496,-0.00964698125074304,0.9621615795326615,0.7641840368106139,0.5896285709215787,0.1774193548387097
FlowCut,ScienceQA_MC,32,caa_aware,caa,caa,image,494,496,proj_out,layer,992,496,0.0025043960679707405,1.1797700552846393,0.7744252406347555,0.6498329955355049,0.2842741935483871
FlowCut,ScienceQA_MC,32,caa_aware,caa,caa,image,494,496,llm_image_l08,layer,992,496,-0.010625432003155678,1.0583008200876887,0.7741122528616025,0.6056322634550384,0.26814516129032256
FlowCut,ScienceQA_MC,32,caa_aware,caa,caa,image,494,496,llm_image_l16,layer,992,496,-0.032985984266316895,1.1856350859105136,0.7991228212799169,0.650576698180141,0.3064516129032258
FlowCut,ScienceQA_MC,32,caa_aware,caa,caa,image,494,496,llm_image_l24,layer,992,496,-0.029923204643930678,1.2283740778230205,0.7849286225286161,0.6748851478753022,0.33669354838709675
FlowCut,ScienceQA_MC,32,caa_aware,caa,caa,image,494,496,llm_image_l32,layer,992,496,0.0026743650972005733,1.016554261859006,0.7671086433402705,0.6065801392791359,0.2540322580645161
FlowCut,ScienceQA_MC,32,caa_aware,caa,caa,image,494,496,visual_trajectory,stage,992,496,-0.009609329050677384,3.6293444041813587,0.8988846253902185,0.9083366108811093,0.8366935483870968
FlowCut,ScienceQA_MC,32,caa_aware,caa,caa,image,494,496,projector_trajectory,stage,992,496,-0.0037473471008616036,1.1237617974531375,0.7770409241675338,0.6356767484766741,0.23790322580645162
FlowCut,ScienceQA_MC,32,caa_aware,caa,caa,image,494,496,llm_trajectory,stage,992,496,-0.024884319516129624,1.2840997714473856,0.810802955905307,0.6788982507201726,0.34475806451612906
FlowCut,ScienceQA_MC,32,caa_aware,caa,caa,image,494,496,all_level_fused,fused,992,496,-0.012746998555889524,2.012401991027294,0.9553931451612904,0.9363780122034004,0.8004032258064516
FlowCut,ScienceQA_MC,32,fata_aware,fata,fata,image,500,500,vis_l06,layer,1000,500,-0.006557829320430756,3.2929330883026124,0.998826,0.9977076834001357,0.998
FlowCut,ScienceQA_MC,32,fata_aware,fata,fata,image,500,500,vis_l12,layer,1000,500,-0.025257780698186252,4.103066827364266,0.9861699999999999,0.9687336386477785,0.938
FlowCut,ScienceQA_MC,32,fata_aware,fata,fata,image,500,500,vis_l18,layer,1000,500,-0.003742008201603312,1.413631141721271,0.839099,0.676937297207021,0.316
FlowCut,ScienceQA_MC,32,fata_aware,fata,fata,image,500,500,vis_l24,layer,1000,500,0.004851003759074956,1.2015033702682705,0.7962000000000001,0.7097998630002631,0.46
FlowCut,ScienceQA_MC,32,fata_aware,fata,fata,image,500,500,proj_in,layer,1000,500,-0.03341574456798844,0.9622230868288316,0.76098,0.5856391560884682,0.16
FlowCut,ScienceQA_MC,32,fata_aware,fata,fata,image,500,500,proj_out,layer,1000,500,-0.03919410435843747,1.3181997257762124,0.8022499999999999,0.6660788239688067,0.262
FlowCut,ScienceQA_MC,32,fata_aware,fata,fata,image,500,500,llm_image_l08,layer,1000,500,-0.03463149820049875,1.4064238294700044,0.7895399999999999,0.6621012409862663,0.332
FlowCut,ScienceQA_MC,32,fata_aware,fata,fata,image,500,500,llm_image_l16,layer,1000,500,-0.037127009842195545,1.5928587882599676,0.838642,0.7086095734374304,0.326
FlowCut,ScienceQA_MC,32,fata_aware,fata,fata,image,500,500,llm_image_l24,layer,1000,500,-0.0350280160306429,1.9722065408732743,0.887748,0.797655652892142,0.572
FlowCut,ScienceQA_MC,32,fata_aware,fata,fata,image,500,500,llm_image_l32,layer,1000,500,-0.002503310410364065,1.241059365434572,0.7972759999999999,0.6567280722952284,0.254
FlowCut,ScienceQA_MC,32,fata_aware,fata,fata,image,500,500,visual_trajectory,stage,1000,500,-0.013361307414977317,3.4748678291233905,0.986468,0.9659302113084112,0.96
FlowCut,ScienceQA_MC,32,fata_aware,fata,fata,image,500,500,projector_trajectory,stage,1000,500,-0.038548445983198655,1.2106726288416294,0.79569,0.6435681131299394,0.226
FlowCut,ScienceQA_MC,32,fata_aware,fata,fata,image,500,500,llm_trajectory,stage,1000,500,-0.03385263504474464,1.8242344298914255,0.871418,0.7599460405967157,0.426
FlowCut,ScienceQA_MC,32,fata_aware,fata,fata,image,500,500,all_level_fused,fused,1000,500,-0.028587462814306876,2.169924962618815,0.95621,0.8914699334941322,0.596
FlowCut,TextVQA_Open,64,base_sanity,base,base,image,500,500,vis_l06,layer,1000,500,0.00590861951559782,4.017417019367218,0.9998980000000001,0.999805811728426,1.0
FlowCut,TextVQA_Open,64,base_sanity,base,base,image,500,500,vis_l12,layer,1000,500,-0.023344911770080218,4.135136439323425,0.9762860000000001,0.9693608327694678,0.956
FlowCut,TextVQA_Open,64,base_sanity,base,base,image,500,500,vis_l18,layer,1000,500,0.018641448749112898,2.1876230252534152,0.950512,0.8622883138998952,0.754
FlowCut,TextVQA_Open,64,base_sanity,base,base,image,500,500,vis_l24,layer,1000,500,-0.035656158953395786,2.392631549783051,0.949654,0.9207428090748766,0.794
FlowCut,TextVQA_Open,64,base_sanity,base,base,image,500,500,proj_in,layer,1000,500,0.06532818137982395,2.3388247595753056,0.916946,0.8777726906883632,0.644
FlowCut,TextVQA_Open,64,base_sanity,base,base,image,500,500,proj_out,layer,1000,500,0.021681280896940734,2.340455349550117,0.9043539999999999,0.8636184962398502,0.632
FlowCut,TextVQA_Open,64,base_sanity,base,base,image,500,500,llm_image_l08,layer,1000,500,0.00018200874765170739,2.37400541587919,0.932016,0.8956311366024884,0.702
FlowCut,TextVQA_Open,64,base_sanity,base,base,image,500,500,llm_image_l16,layer,1000,500,0.006097536237357417,2.486348266055109,0.9430639999999999,0.9138905267278745,0.766
FlowCut,TextVQA_Open,64,base_sanity,base,base,image,500,500,llm_image_l24,layer,1000,500,-0.0020824177984613925,1.9446560843596234,0.892844,0.8236470485594911,0.554
FlowCut,TextVQA_Open,64,base_sanity,base,base,image,500,500,llm_image_l32,layer,1000,500,-0.008135786810424178,1.2458753081167815,0.850028,0.744166792070717,0.436
FlowCut,TextVQA_Open,64,base_sanity,base,base,image,500,500,visual_trajectory,stage,1000,500,-0.008582576844006767,4.176932857396317,0.990286,0.9795528066882057,0.982
FlowCut,TextVQA_Open,64,base_sanity,base,base,image,500,500,projector_trajectory,stage,1000,500,0.045681534190756067,2.456706556783605,0.9204860000000001,0.8848223269351814,0.686
FlowCut,TextVQA_Open,64,base_sanity,base,base,image,500,500,llm_trajectory,stage,1000,500,1.5380367420982923e-05,2.511620380926827,0.9531919999999999,0.9261968146329376,0.814
FlowCut,TextVQA_Open,64,base_sanity,base,base,image,500,500,all_level_fused,fused,1000,500,0.01237144590472343,3.0484199317022505,0.994708,0.9894756016672245,0.988
FlowCut,TextVQA_Open,64,cage_unseen_base_dir,base,cage,image,500,500,vis_l06,layer,1000,500,0.00590861951559782,4.093320518493653,0.999878,0.9997673976244216,1.0
FlowCut,TextVQA_Open,64,cage_unseen_base_dir,base,cage,image,500,500,vis_l12,layer,1000,500,-0.023344911770080218,5.4951318182349205,0.9887959999999999,0.9868345668902142,0.976
FlowCut,TextVQA_Open,64,cage_unseen_base_dir,base,cage,image,500,500,vis_l18,layer,1000,500,0.018641448749112898,3.6410171883106233,0.9880979999999999,0.9606260625805434,0.968
FlowCut,TextVQA_Open,64,cage_unseen_base_dir,base,cage,image,500,500,vis_l24,layer,1000,500,-0.035656158953395786,1.9989714642837644,0.9351799999999999,0.8809704343992937,0.686
FlowCut,TextVQA_Open,64,cage_unseen_base_dir,base,cage,image,500,500,proj_in,layer,1000,500,0.06532818137982395,0.7486946300707641,0.693512,0.5225703606112307,0.158
FlowCut,TextVQA_Open,64,cage_unseen_base_dir,base,cage,image,500,500,proj_out,layer,1000,500,0.021681280896940734,0.4532076172349043,0.6275,0.435691505641825,0.102
FlowCut,TextVQA_Open,64,cage_unseen_base_dir,base,cage,image,500,500,llm_image_l08,layer,1000,500,0.00018200874765170739,1.38479909826722,0.871114,0.7601411469234055,0.462
FlowCut,TextVQA_Open,64,cage_unseen_base_dir,base,cage,image,500,500,llm_image_l16,layer,1000,500,0.006097536237357417,1.6568379196748138,0.8439439999999999,0.7771492314035788,0.502
FlowCut,TextVQA_Open,64,cage_unseen_base_dir,base,cage,image,500,500,llm_image_l24,layer,1000,500,-0.0020824177984613925,1.5094589901212603,0.828694,0.7307566832194701,0.414
FlowCut,TextVQA_Open,64,cage_unseen_base_dir,base,cage,image,500,500,llm_image_l32,layer,1000,500,-0.008135786810424178,0.14816432854160666,0.536088,0.3498031039658117,0.054
FlowCut,TextVQA_Open,64,cage_unseen_base_dir,base,cage,image,500,500,visual_trajectory,stage,1000,500,-0.008582576844006767,5.340657348720746,0.996856,0.9939416532970751,0.99
FlowCut,TextVQA_Open,64,cage_unseen_base_dir,base,cage,image,500,500,projector_trajectory,stage,1000,500,0.045681534190756067,0.6310203804666219,0.671106,0.4882272696895448,0.142
FlowCut,TextVQA_Open,64,cage_unseen_base_dir,base,cage,image,500,500,llm_trajectory,stage,1000,500,1.5380367420982923e-05,1.582716621901818,0.8675939999999999,0.7761503308473497,0.494
FlowCut,TextVQA_Open,64,cage_unseen_base_dir,base,cage,image,500,500,all_level_fused,fused,1000,500,0.01237144590472343,2.518131450363062,0.990724,0.9800411861283417,0.974
FlowCut,TextVQA_Open,64,caa_unseen_base_dir,base,caa,image,500,500,vis_l06,layer,1000,500,0.00590861951559782,1.832750878007151,0.952234,0.9191510327792909,0.824
FlowCut,TextVQA_Open,64,caa_unseen_base_dir,base,caa,image,500,500,vis_l12,layer,1000,500,-0.023344911770080218,3.043240266340785,0.934992,0.9171009564783761,0.884
FlowCut,TextVQA_Open,64,caa_unseen_base_dir,base,caa,image,500,500,vis_l18,layer,1000,500,0.018641448749112898,1.9041333102505886,0.914716,0.8120405074066673,0.632
FlowCut,TextVQA_Open,64,caa_unseen_base_dir,base,caa,image,500,500,vis_l24,layer,1000,500,-0.035656158953395786,1.8854619037304075,0.852502,0.8094745566105205,0.58
FlowCut,TextVQA_Open,64,caa_unseen_base_dir,base,caa,image,500,500,proj_in,layer,1000,500,0.06532818137982395,-0.2459573914745124,0.400746,0.28765153720907255,0.04
FlowCut,TextVQA_Open,64,caa_unseen_base_dir,base,caa,image,500,500,proj_out,layer,1000,500,0.021681280896940734,0.10246353325457312,0.522822,0.34512775039162535,0.048
FlowCut,TextVQA_Open,64,caa_unseen_base_dir,base,caa,image,500,500,llm_image_l08,layer,1000,500,0.00018200874765170739,0.3530652437580575,0.611182,0.41613331270692944,0.086
FlowCut,TextVQA_Open,64,caa_unseen_base_dir,base,caa,image,500,500,llm_image_l16,layer,1000,500,0.006097536237357417,0.4591549263233319,0.6283099999999999,0.4386921358870369,0.102
FlowCut,TextVQA_Open,64,caa_unseen_base_dir,base,caa,image,500,500,llm_image_l24,layer,1000,500,-0.0020824177984613925,0.10298782320320607,0.53245,0.3463282885354078,0.056
FlowCut,TextVQA_Open,64,caa_unseen_base_dir,base,caa,image,500,500,llm_image_l32,layer,1000,500,-0.008135786810424178,0.4982661135182716,0.647828,0.4893932753976768,0.17
FlowCut,TextVQA_Open,64,caa_unseen_base_dir,base,caa,image,500,500,visual_trajectory,stage,1000,500,-0.008582576844006767,2.9839268527913982,0.956196,0.9261571533505111,0.906
FlowCut,TextVQA_Open,64,caa_unseen_base_dir,base,caa,image,500,500,projector_trajectory,stage,1000,500,0.045681534190756067,-0.07533687178879198,0.45521,0.3097389776546747,0.046
FlowCut,TextVQA_Open,64,caa_unseen_base_dir,base,caa,image,500,500,llm_trajectory,stage,1000,500,1.5380367420982923e-05,0.39753592924247677,0.617444,0.42165163136359085,0.092
FlowCut,TextVQA_Open,64,caa_unseen_base_dir,base,caa,image,500,500,all_level_fused,fused,1000,500,0.01237144590472343,1.1020419700816941,0.8745860000000001,0.7598389537895389,0.448
FlowCut,TextVQA_Open,64,fata_unseen_base_dir,base,fata,image,500,500,vis_l06,layer,1000,500,0.00590861951559782,3.9533001132011414,0.999824,0.9996707103039332,1.0
FlowCut,TextVQA_Open,64,fata_unseen_base_dir,base,fata,image,500,500,vis_l12,layer,1000,500,-0.023344911770080218,2.568674142330885,0.94935,0.9019789212693985,0.902
FlowCut,TextVQA_Open,64,fata_unseen_base_dir,base,fata,image,500,500,vis_l18,layer,1000,500,0.018641448749112898,1.2785605729110538,0.8562400000000001,0.6859988682855995,0.304
FlowCut,TextVQA_Open,64,fata_unseen_base_dir,base,fata,image,500,500,vis_l24,layer,1000,500,-0.035656158953395786,0.9186436540130526,0.7633420000000001,0.6128077261224176,0.278
FlowCut,TextVQA_Open,64,fata_unseen_base_dir,base,fata,image,500,500,proj_in,layer,1000,500,0.06532818137982395,0.772419343240559,0.69721,0.5365546556568543,0.18
FlowCut,TextVQA_Open,64,fata_unseen_base_dir,base,fata,image,500,500,proj_out,layer,1000,500,0.021681280896940734,0.6788704860918224,0.673574,0.5235600658663844,0.182
FlowCut,TextVQA_Open,64,fata_unseen_base_dir,base,fata,image,500,500,llm_image_l08,layer,1000,500,0.00018200874765170739,0.8830340116233565,0.741198,0.6034272638996148,0.266
FlowCut,TextVQA_Open,64,fata_unseen_base_dir,base,fata,image,500,500,llm_image_l16,layer,1000,500,0.006097536237357417,0.8184464752175845,0.707372,0.5578918140964543,0.198
FlowCut,TextVQA_Open,64,fata_unseen_base_dir,base,fata,image,500,500,llm_image_l24,layer,1000,500,-0.0020824177984613925,0.5257680161921308,0.641032,0.45336347464512516,0.11
FlowCut,TextVQA_Open,64,fata_unseen_base_dir,base,fata,image,500,500,llm_image_l32,layer,1000,500,-0.008135786810424178,0.8747898137276061,0.7460420000000001,0.6270692124398503,0.308
FlowCut,TextVQA_Open,64,fata_unseen_base_dir,base,fata,image,500,500,visual_trajectory,stage,1000,500,-0.008582576844006767,2.7545264179693802,0.97807,0.9325283466529357,0.946
FlowCut,TextVQA_Open,64,fata_unseen_base_dir,base,fata,image,500,500,projector_trajectory,stage,1000,500,0.045681534190756067,0.7619533647851631,0.6962820000000001,0.5434581897671722,0.178
FlowCut,TextVQA_Open,64,fata_unseen_base_dir,base,fata,image,500,500,llm_trajectory,stage,1000,500,1.5380367420982923e-05,0.8946801844963729,0.7385980000000001,0.5806428574328508,0.232
FlowCut,TextVQA_Open,64,fata_unseen_base_dir,base,fata,image,500,500,all_level_fused,fused,1000,500,0.01237144590472343,1.4703866557503054,0.9339259999999999,0.8637549859104701,0.702
FlowCut,TextVQA_Open,64,cage_aware,cage,cage,image,500,500,vis_l06,layer,1000,500,0.010573293812572956,4.058650348186493,0.999682,0.9994065052935919,0.998
FlowCut,TextVQA_Open,64,cage_aware,cage,cage,image,500,500,vis_l12,layer,1000,500,-0.015376981955865631,5.581536809625104,0.993216,0.9884164135006729,0.988
FlowCut,TextVQA_Open,64,cage_aware,cage,cage,image,500,500,vis_l18,layer,1000,500,0.0242473151658196,3.700019836910069,0.986216,0.9708358770265327,0.962
FlowCut,TextVQA_Open,64,cage_aware,cage,cage,image,500,500,vis_l24,layer,1000,500,0.003297800079220906,4.102008171617984,0.98954,0.9810578432475975,0.95
FlowCut,TextVQA_Open,64,cage_aware,cage,cage,image,500,500,proj_in,layer,1000,500,0.048182754299603406,5.211596774399281,0.9951859999999999,0.9925832719109006,0.978
FlowCut,TextVQA_Open,64,cage_aware,cage,cage,image,500,500,proj_out,layer,1000,500,0.05935009411914507,4.4148126847743985,0.991468,0.9875406893407771,0.968
FlowCut,TextVQA_Open,64,cage_aware,cage,cage,image,500,500,llm_image_l08,layer,1000,500,0.0070478288003942,2.7352197269648313,0.9615119999999999,0.9164884817607404,0.772
FlowCut,TextVQA_Open,64,cage_aware,cage,cage,image,500,500,llm_image_l16,layer,1000,500,0.005864554765284993,2.819990983173251,0.962628,0.9132590624784683,0.76
FlowCut,TextVQA_Open,64,cage_aware,cage,cage,image,500,500,llm_image_l24,layer,1000,500,-0.014643106912495568,3.895032882332802,0.989626,0.9729491834338801,0.968
FlowCut,TextVQA_Open,64,cage_aware,cage,cage,image,500,500,llm_image_l32,layer,1000,500,0.05590791168133728,2.841994505494833,0.9621500000000001,0.9188830053733393,0.818
FlowCut,TextVQA_Open,64,cage_aware,cage,cage,image,500,500,visual_trajectory,stage,1000,500,0.006626159320135741,5.601582071481997,0.997042,0.9943279675870675,0.992
FlowCut,TextVQA_Open,64,cage_aware,cage,cage,image,500,500,projector_trajectory,stage,1000,500,0.05902893521344555,5.284307972678214,0.99584,0.9943490299504366,0.988
FlowCut,TextVQA_Open,64,cage_aware,cage,cage,image,500,500,llm_trajectory,stage,1000,500,0.00844030147683845,3.5337419920724567,0.9827039999999999,0.9595690807079577,0.954
FlowCut,TextVQA_Open,64,cage_aware,cage,cage,image,500,500,all_level_fused,fused,1000,500,0.02469846533680656,4.8065440120775555,0.99959,0.999264439492114,0.996
FlowCut,TextVQA_Open,64,caa_aware,caa,caa,image,500,500,vis_l06,layer,1000,500,0.031853193500079216,3.7496074985414745,0.9776400000000001,0.9780759465938158,0.958
FlowCut,TextVQA_Open,64,caa_aware,caa,caa,image,500,500,vis_l12,layer,1000,500,-0.039918977090739646,3.0859294045399874,0.910712,0.9274155589541015,0.874
FlowCut,TextVQA_Open,64,caa_aware,caa,caa,image,500,500,vis_l18,layer,1000,500,0.021099355952697806,3.0288115086792966,0.912984,0.9026783021412383,0.81
FlowCut,TextVQA_Open,64,caa_aware,caa,caa,image,500,500,vis_l24,layer,1000,500,-0.09364444932166953,2.435649448281154,0.871344,0.8535844532631415,0.652
FlowCut,TextVQA_Open,64,caa_aware,caa,caa,image,500,500,proj_in,layer,1000,500,-0.03732889621050344,1.4426865683179348,0.7646379999999999,0.684583060093002,0.362
FlowCut,TextVQA_Open,64,caa_aware,caa,caa,image,500,500,proj_out,layer,1000,500,0.01487005324868369,1.2374386344756931,0.7429300000000001,0.6297608311387362,0.284
FlowCut,TextVQA_Open,64,caa_aware,caa,caa,image,500,500,llm_image_l08,layer,1000,500,-0.025624945763032883,0.8571479417984373,0.7212099999999999,0.5694111448083214,0.256
FlowCut,TextVQA_Open,64,caa_aware,caa,caa,image,500,500,llm_image_l16,layer,1000,500,-0.029454171941557434,0.9125549243874848,0.7336679999999999,0.5830528528173384,0.258
FlowCut,TextVQA_Open,64,caa_aware,caa,caa,image,500,500,llm_image_l24,layer,1000,500,0.01821644094711519,0.9398703850612364,0.724152,0.5966580975134445,0.25
FlowCut,TextVQA_Open,64,caa_aware,caa,caa,image,500,500,llm_image_l32,layer,1000,500,-0.0027367053835187106,0.8737838584887795,0.71709,0.5915605113936957,0.258
FlowCut,TextVQA_Open,64,caa_aware,caa,caa,image,500,500,visual_trajectory,stage,1000,500,-0.022291635279560698,4.128459584150128,0.94051,0.9447483549872098,0.888
FlowCut,TextVQA_Open,64,caa_aware,caa,caa,image,500,500,projector_trajectory,stage,1000,500,-0.012225967015212242,1.4589852134753225,0.76583,0.6728592942223334,0.326
FlowCut,TextVQA_Open,64,caa_aware,caa,caa,image,500,500,llm_trajectory,stage,1000,500,-0.009740901953722977,1.0415507382644273,0.746156,0.6228356658849239,0.272
FlowCut,TextVQA_Open,64,caa_aware,caa,caa,image,500,500,all_level_fused,fused,1000,500,-0.014752834749498641,2.209665178629959,0.935044,0.9161379327171144,0.796
FlowCut,TextVQA_Open,64,fata_aware,fata,fata,image,500,500,vis_l06,layer,1000,500,0.005028671480249614,3.9796956281661986,0.9998759999999999,0.9997630079294264,1.0
FlowCut,TextVQA_Open,64,fata_aware,fata,fata,image,500,500,vis_l12,layer,1000,500,0.0035646191508567427,3.365806302309036,0.985738,0.9270491702662993,0.99
FlowCut,TextVQA_Open,64,fata_aware,fata,fata,image,500,500,vis_l18,layer,1000,500,0.026653951593558305,1.115880111137405,0.816096,0.6352134994121851,0.238
FlowCut,TextVQA_Open,64,fata_aware,fata,fata,image,500,500,vis_l24,layer,1000,500,-0.08924005388945806,0.895123736788053,0.7670319999999999,0.6439961565701433,0.304
FlowCut,TextVQA_Open,64,fata_aware,fata,fata,image,500,500,proj_in,layer,1000,500,0.037763237044448034,1.1617607764438727,0.7906759999999999,0.632961930889091,0.24
FlowCut,TextVQA_Open,64,fata_aware,fata,fata,image,500,500,proj_out,layer,1000,500,0.035807930712166126,0.9121260426985099,0.7265640000000001,0.5527834911677393,0.196
FlowCut,TextVQA_Open,64,fata_aware,fata,fata,image,500,500,llm_image_l08,layer,1000,500,-0.021348705432319547,0.8148511187762487,0.736834,0.5596336015490333,0.178
FlowCut,TextVQA_Open,64,fata_aware,fata,fata,image,500,500,llm_image_l16,layer,1000,500,-0.027065356271108613,0.876316608295485,0.759044,0.5749010511040792,0.196
FlowCut,TextVQA_Open,64,fata_aware,fata,fata,image,500,500,llm_image_l24,layer,1000,500,0.021396818686276676,1.0546533403252252,0.775534,0.6159631268694905,0.248
FlowCut,TextVQA_Open,64,fata_aware,fata,fata,image,500,500,llm_image_l32,layer,1000,500,-0.012446781027829274,0.8699641724617686,0.7288539999999999,0.5770346987732955,0.222
FlowCut,TextVQA_Open,64,fata_aware,fata,fata,image,500,500,visual_trajectory,stage,1000,500,-0.0050141029164495875,2.9185454808903204,0.983312,0.9351985458469931,0.96
FlowCut,TextVQA_Open,64,fata_aware,fata,fata,image,500,500,projector_trajectory,stage,1000,500,0.03842545378147317,1.0831698682749156,0.769226,0.6059034449233043,0.214
FlowCut,TextVQA_Open,64,fata_aware,fata,fata,image,500,500,llm_trajectory,stage,1000,500,-0.008626738151290824,1.0602201576027301,0.7811480000000001,0.6238695834160575,0.262
FlowCut,TextVQA_Open,64,fata_aware,fata,fata,image,500,500,all_level_fused,fused,1000,500,0.008261537571244261,1.6873118355893224,0.940708,0.8650439759226362,0.706
FlowCut,VQAv2_MC,32,base_sanity,base,base,image,500,500,vis_l06,layer,1000,500,-0.0006263028308749199,4.168522444725037,1.0,1.0,1.0
FlowCut,VQAv2_MC,32,base_sanity,base,base,image,500,500,vis_l12,layer,1000,500,-0.06854044834419619,7.141206381917,0.996266,0.9965061042773375,0.992
FlowCut,VQAv2_MC,32,base_sanity,base,base,image,500,500,vis_l18,layer,1000,500,0.0445046712506155,3.432721435427666,0.9904040000000001,0.9814740854527716,0.952
FlowCut,VQAv2_MC,32,base_sanity,base,base,image,500,500,vis_l24,layer,1000,500,-0.05195011332305148,4.1302450189217925,0.985555,0.9757742534354887,0.946
FlowCut,VQAv2_MC,32,base_sanity,base,base,image,500,500,proj_in,layer,1000,500,-0.06078149640071206,2.6837659147232773,0.9419280000000001,0.9070669558242316,0.78
FlowCut,VQAv2_MC,32,base_sanity,base,base,image,500,500,proj_out,layer,1000,500,-0.04270729948455119,1.6322952861171216,0.829656,0.7507959050991815,0.438
FlowCut,VQAv2_MC,32,base_sanity,base,base,image,500,500,llm_image_l08,layer,1000,500,0.032573554333066565,1.2091160376810004,0.7732239999999999,0.6213556812865861,0.236
FlowCut,VQAv2_MC,32,base_sanity,base,base,image,500,500,llm_image_l16,layer,1000,500,0.0573720012116828,1.9463056799396872,0.8767659999999999,0.7672395980659572,0.394
FlowCut,VQAv2_MC,32,base_sanity,base,base,image,500,500,llm_image_l24,layer,1000,500,0.029826425660168753,2.5336252827905117,0.9212,0.8773694453011082,0.666
FlowCut,VQAv2_MC,32,base_sanity,base,base,image,500,500,llm_image_l32,layer,1000,500,0.1431769608716131,1.424174843075685,0.78492,0.6883907935753191,0.34
FlowCut,VQAv2_MC,32,base_sanity,base,base,image,500,500,visual_trajectory,stage,1000,500,-0.024492243659388093,7.165702193591996,0.999984,0.9999679910873538,1.0
FlowCut,VQAv2_MC,32,base_sanity,base,base,image,500,500,projector_trajectory,stage,1000,500,-0.05793485207478929,2.4162071825474203,0.9221619999999999,0.8882990379360121,0.712
FlowCut,VQAv2_MC,32,base_sanity,base,base,image,500,500,llm_trajectory,stage,1000,500,0.07315568936640622,2.422137443081151,0.9113220000000001,0.8552660267625203,0.602
FlowCut,VQAv2_MC,32,base_sanity,base,base,image,500,500,all_level_fused,fused,1000,500,-0.0030904687892570593,4.00134893974019,0.999502,0.999039610657942,0.998
FlowCut,VQAv2_MC,32,cage_unseen_base_dir,base,cage,image,500,500,vis_l06,layer,1000,500,-0.0006263028308749199,4.242179413795471,1.0,1.0,1.0
FlowCut,VQAv2_MC,32,cage_unseen_base_dir,base,cage,image,500,500,vis_l12,layer,1000,500,-0.06854044834419619,9.878375841140747,0.9999800000000001,0.9999603800124156,1.0
FlowCut,VQAv2_MC,32,cage_unseen_base_dir,base,cage,image,500,500,vis_l18,layer,1000,500,0.0445046712506155,6.208812078952789,0.999966,0.999931845764114,1.0
FlowCut,VQAv2_MC,32,cage_unseen_base_dir,base,cage,image,500,500,vis_l24,layer,1000,500,-0.05195011332305148,4.409961634039879,0.991824,0.9838392930641391,0.964
FlowCut,VQAv2_MC,32,cage_unseen_base_dir,base,cage,image,500,500,proj_in,layer,1000,500,-0.06078149640071206,2.189833519759588,0.9391660000000001,0.8705962952855654,0.71
FlowCut,VQAv2_MC,32,cage_unseen_base_dir,base,cage,image,500,500,proj_out,layer,1000,500,-0.04270729948455119,2.432430012052879,0.9312499999999999,0.8935284561848282,0.712
FlowCut,VQAv2_MC,32,cage_unseen_base_dir,base,cage,image,500,500,llm_image_l08,layer,1000,500,0.032573554333066565,2.5243727906495335,0.949606,0.8947890578586939,0.626
FlowCut,VQAv2_MC,32,cage_unseen_base_dir,base,cage,image,500,500,llm_image_l16,layer,1000,500,0.0573720012116828,3.715073352575302,0.9921099999999999,0.9830768608026889,0.966
FlowCut,VQAv2_MC,32,cage_unseen_base_dir,base,cage,image,500,500,llm_image_l24,layer,1000,500,0.029826425660168753,3.736838700056076,0.989194,0.9804146110433742,0.93
FlowCut,VQAv2_MC,32,cage_unseen_base_dir,base,cage,image,500,500,llm_image_l32,layer,1000,500,0.1431769608716131,2.851799384266138,0.9687999999999999,0.9484222007394464,0.838
FlowCut,VQAv2_MC,32,cage_unseen_base_dir,base,cage,image,500,500,visual_trajectory,stage,1000,500,-0.024492243659388093,9.934947747028371,1.0,1.0,1.0
FlowCut,VQAv2_MC,32,cage_unseen_base_dir,base,cage,image,500,500,projector_trajectory,stage,1000,500,-0.05793485207478929,2.58762464783655,0.9654739999999999,0.9349988368763144,0.806
FlowCut,VQAv2_MC,32,cage_unseen_base_dir,base,cage,image,500,500,llm_trajectory,stage,1000,500,0.07315568936640622,4.237064682204528,0.9969319999999999,0.9940294597985222,0.984
FlowCut,VQAv2_MC,32,cage_unseen_base_dir,base,cage,image,500,500,all_level_fused,fused,1000,500,-0.0030904687892570593,5.586545692356483,1.0,1.0,1.0
FlowCut,VQAv2_MC,32,caa_unseen_base_dir,base,caa,image,500,500,vis_l06,layer,1000,500,-0.0006263028308749199,1.8273777576573194,0.979544,0.9528123069467368,0.954
FlowCut,VQAv2_MC,32,caa_unseen_base_dir,base,caa,image,500,500,vis_l12,layer,1000,500,-0.06854044834419619,5.3765961736291645,0.976936,0.97696108835225,0.944
FlowCut,VQAv2_MC,32,caa_unseen_base_dir,base,caa,image,500,500,vis_l18,layer,1000,500,0.0445046712506155,3.191771186310798,0.979078,0.9670597545732849,0.898
FlowCut,VQAv2_MC,32,caa_unseen_base_dir,base,caa,image,500,500,vis_l24,layer,1000,500,-0.05195011332305148,1.7060905549749732,0.8679479999999999,0.7743982032728707,0.464
FlowCut,VQAv2_MC,32,caa_unseen_base_dir,base,caa,image,500,500,proj_in,layer,1000,500,-0.06078149640071206,-0.32926871373096944,0.42316000000000004,0.29252942405119564,0.036
FlowCut,VQAv2_MC,32,caa_unseen_base_dir,base,caa,image,500,500,proj_out,layer,1000,500,-0.04270729948455119,0.042057125894818456,0.522142,0.35147501380562574,0.064
FlowCut,VQAv2_MC,32,caa_unseen_base_dir,base,caa,image,500,500,llm_image_l08,layer,1000,500,0.032573554333066565,0.3933635020221118,0.594743,0.4083825749029047,0.078
FlowCut,VQAv2_MC,32,caa_unseen_base_dir,base,caa,image,500,500,llm_image_l16,layer,1000,500,0.0573720012116828,0.5927592300791293,0.636406,0.44067330006316197,0.098
FlowCut,VQAv2_MC,32,caa_unseen_base_dir,base,caa,image,500,500,llm_image_l24,layer,1000,500,0.029826425660168753,0.2922503550765105,0.57447,0.3745971429180885,0.038
FlowCut,VQAv2_MC,32,caa_unseen_base_dir,base,caa,image,500,500,llm_image_l32,layer,1000,500,0.1431769608716131,0.23766904328297825,0.520632,0.35738007863651755,0.066
FlowCut,VQAv2_MC,32,caa_unseen_base_dir,base,caa,image,500,500,visual_trajectory,stage,1000,500,-0.024492243659388093,5.030000165827923,0.993498,0.9917146972637331,0.974
FlowCut,VQAv2_MC,32,caa_unseen_base_dir,base,caa,image,500,500,projector_trajectory,stage,1000,500,-0.05793485207478929,-0.16078611128005046,0.473364,0.31800186851508605,0.022
FlowCut,VQAv2_MC,32,caa_unseen_base_dir,base,caa,image,500,500,llm_trajectory,stage,1000,500,0.07315568936640622,0.5016476006989421,0.604718,0.41827839742367084,0.086
FlowCut,VQAv2_MC,32,caa_unseen_base_dir,base,caa,image,500,500,all_level_fused,fused,1000,500,-0.0030904687892570593,1.790287218415605,0.951244,0.9175653112520048,0.77
FlowCut,VQAv2_MC,32,fata_unseen_base_dir,base,fata,image,500,500,vis_l06,layer,1000,500,-0.0006263028308749199,4.0842633862495425,1.0,1.0,1.0
FlowCut,VQAv2_MC,32,fata_unseen_base_dir,base,fata,image,500,500,vis_l12,layer,1000,500,-0.06854044834419619,4.212209224432707,0.9854959999999999,0.9842204492560896,0.964
FlowCut,VQAv2_MC,32,fata_unseen_base_dir,base,fata,image,500,500,vis_l18,layer,1000,500,0.0445046712506155,1.872024602582678,0.911922,0.8287642037950301,0.546
FlowCut,VQAv2_MC,32,fata_unseen_base_dir,base,fata,image,500,500,vis_l24,layer,1000,500,-0.05195011332305148,0.9981118841953576,0.764278,0.61081990925084,0.254
FlowCut,VQAv2_MC,32,fata_unseen_base_dir,base,fata,image,500,500,proj_in,layer,1000,500,-0.06078149640071206,0.4935963929798454,0.65154,0.4939298669430965,0.156
FlowCut,VQAv2_MC,32,fata_unseen_base_dir,base,fata,image,500,500,proj_out,layer,1000,500,-0.04270729948455119,0.20714776258351048,0.556762,0.42115091274295713,0.134
FlowCut,VQAv2_MC,32,fata_unseen_base_dir,base,fata,image,500,500,llm_image_l08,layer,1000,500,0.032573554333066565,0.4791338127718773,0.594148,0.4585686356176583,0.134
FlowCut,VQAv2_MC,32,fata_unseen_base_dir,base,fata,image,500,500,llm_image_l16,layer,1000,500,0.0573720012116828,0.9092603767164983,0.680286,0.5424387636326875,0.196
FlowCut,VQAv2_MC,32,fata_unseen_base_dir,base,fata,image,500,500,llm_image_l24,layer,1000,500,0.029826425660168753,0.8463644646480097,0.6933539999999999,0.5364669175130452,0.166
FlowCut,VQAv2_MC,32,fata_unseen_base_dir,base,fata,image,500,500,llm_image_l32,layer,1000,500,0.1431769608716131,0.4372820980770048,0.566182,0.4372129238892517,0.124
FlowCut,VQAv2_MC,32,fata_unseen_base_dir,base,fata,image,500,500,visual_trajectory,stage,1000,500,-0.024492243659388093,4.197914388071382,0.998962,0.9977069881130217,1.0
FlowCut,VQAv2_MC,32,fata_unseen_base_dir,base,fata,image,500,500,projector_trajectory,stage,1000,500,-0.05793485207478929,0.3922889381937891,0.623378,0.468246009841071,0.126
FlowCut,VQAv2_MC,32,fata_unseen_base_dir,base,fata,image,500,500,llm_trajectory,stage,1000,500,0.07315568936640622,0.9250645462584018,0.675924,0.5555280440483732,0.238
FlowCut,VQAv2_MC,32,fata_unseen_base_dir,base,fata,image,500,500,all_level_fused,fused,1000,500,-0.0030904687892570593,1.838422624174524,0.9478800000000001,0.9143301465638595,0.742
FlowCut,VQAv2_MC,32,cage_aware,cage,cage,image,500,500,vis_l06,layer,1000,500,0.003444896012544632,4.37575734949112,1.0,1.0,1.0
FlowCut,VQAv2_MC,32,cage_aware,cage,cage,image,500,500,vis_l12,layer,1000,500,-0.083522816198878,10.389939099788666,0.999994,0.99998803187251,1.0
FlowCut,VQAv2_MC,32,cage_aware,cage,cage,image,500,500,vis_l18,layer,1000,500,0.15479806864721468,5.889329356193542,0.999234,0.9987520737086579,0.996
FlowCut,VQAv2_MC,32,cage_aware,cage,cage,image,500,500,vis_l24,layer,1000,500,-0.04596306592592737,9.252187996864318,0.999672,0.9993904154266469,0.998
FlowCut,VQAv2_MC,32,cage_aware,cage,cage,image,500,500,proj_in,layer,1000,500,0.1423820873798104,6.195284229278564,0.99962,0.9992591430686013,1.0
FlowCut,VQAv2_MC,32,cage_aware,cage,cage,image,500,500,proj_out,layer,1000,500,0.10583517697878415,4.795800168156624,0.996998,0.9937705163295925,0.996
FlowCut,VQAv2_MC,32,cage_aware,cage,cage,image,500,500,llm_image_l08,layer,1000,500,0.10641241480103053,2.764102276444435,0.942816,0.8640930084868834,0.51
FlowCut,VQAv2_MC,32,cage_aware,cage,cage,image,500,500,llm_image_l16,layer,1000,500,0.10506353732699063,2.957886922597885,0.9475239999999999,0.8673489938175997,0.524
FlowCut,VQAv2_MC,32,cage_aware,cage,cage,image,500,500,llm_image_l24,layer,1000,500,0.16471427781134843,4.36692416548729,0.979772,0.9470936123764339,0.924
FlowCut,VQAv2_MC,32,cage_aware,cage,cage,image,500,500,llm_image_l32,layer,1000,500,0.1409836649649078,3.6667921760827302,0.9889199999999999,0.9799525702088344,0.964
FlowCut,VQAv2_MC,32,cage_aware,cage,cage,image,500,500,visual_trajectory,stage,1000,500,0.024192087311498994,11.169857677899994,1.0,1.0,1.0
FlowCut,VQAv2_MC,32,cage_aware,cage,cage,image,500,500,projector_trajectory,stage,1000,500,0.13601088937988787,6.02257496211805,0.9997720000000001,0.9995371461916422,1.0
FlowCut,VQAv2_MC,32,cage_aware,cage,cage,image,500,500,llm_trajectory,stage,1000,500,0.14846765015830635,3.9770862248883847,0.980148,0.9509167485876421,0.934
FlowCut,VQAv2_MC,32,cage_aware,cage,cage,image,500,500,all_level_fused,fused,1000,500,0.10289020894989774,7.056506288302142,1.0,1.0,1.0
FlowCut,VQAv2_MC,32,caa_aware,caa,caa,image,500,500,vis_l06,layer,1000,500,0.003164498289232142,4.098109962228685,0.994476,0.9945341476276677,0.988
FlowCut,VQAv2_MC,32,caa_aware,caa,caa,image,500,500,vis_l12,layer,1000,500,-0.0816318454311695,4.748418504193425,0.9533559999999999,0.9638495105703211,0.936
FlowCut,VQAv2_MC,32,caa_aware,caa,caa,image,500,500,vis_l18,layer,1000,500,0.166236369473394,3.746624456614256,0.9641660000000001,0.9497483345635075,0.86
FlowCut,VQAv2_MC,32,caa_aware,caa,caa,image,500,500,vis_l24,layer,1000,500,0.13948659663600846,3.5853685170933605,0.95839,0.9434598165437188,0.842
FlowCut,VQAv2_MC,32,caa_aware,caa,caa,image,500,500,proj_in,layer,1000,500,0.04220574525710617,0.9298297349392669,0.7342679999999999,0.5625095822885422,0.194
FlowCut,VQAv2_MC,32,caa_aware,caa,caa,image,500,500,proj_out,layer,1000,500,0.08524970115418545,1.0558410325739533,0.7465919999999999,0.5714744641960743,0.232
FlowCut,VQAv2_MC,32,caa_aware,caa,caa,image,500,500,llm_image_l08,layer,1000,500,0.1062191896852455,0.6748222112036311,0.67241,0.4547602415744546,0.086
FlowCut,VQAv2_MC,32,caa_aware,caa,caa,image,500,500,llm_image_l16,layer,1000,500,0.1340661644155043,0.7202869517341315,0.683688,0.4591988155798171,0.086
FlowCut,VQAv2_MC,32,caa_aware,caa,caa,image,500,500,llm_image_l24,layer,1000,500,0.23036441218841355,0.8673710444215685,0.683098,0.47237917616944625,0.098
FlowCut,VQAv2_MC,32,caa_aware,caa,caa,image,500,500,llm_image_l32,layer,1000,500,0.06043843386927619,0.896661977674812,0.7068479999999999,0.555923022688215,0.25
FlowCut,VQAv2_MC,32,caa_aware,caa,caa,image,500,500,visual_trajectory,stage,1000,500,0.07567399239467847,5.987129433662177,0.9802719999999999,0.9792683091725921,0.952
FlowCut,VQAv2_MC,32,caa_aware,caa,caa,image,500,500,projector_trajectory,stage,1000,500,0.0724353112531725,1.1284940232000693,0.761376,0.5988445777412796,0.242
FlowCut,VQAv2_MC,32,caa_aware,caa,caa,image,500,500,llm_trajectory,stage,1000,500,0.16699989995155676,0.8852021336236005,0.702806,0.4853018430443599,0.104
FlowCut,VQAv2_MC,32,caa_aware,caa,caa,image,500,500,all_level_fused,fused,1000,500,0.10503640119980258,2.6669418634952824,0.9732240000000001,0.954859257142212,0.888
FlowCut,VQAv2_MC,32,fata_aware,fata,fata,image,500,500,vis_l06,layer,1000,500,0.0011866656467318536,4.197573440074921,1.0,1.0,1.0
FlowCut,VQAv2_MC,32,fata_aware,fata,fata,image,500,500,vis_l12,layer,1000,500,0.0024275304563052486,4.701033934593201,0.998294,0.9962076695180568,1.0
FlowCut,VQAv2_MC,32,fata_aware,fata,fata,image,500,500,vis_l18,layer,1000,500,0.13675764927771525,1.42128439004533,0.83605,0.6672149498151316,0.284
FlowCut,VQAv2_MC,32,fata_aware,fata,fata,image,500,500,vis_l24,layer,1000,500,0.14413063635700382,1.3368399789230898,0.78828,0.7000731489756934,0.454
FlowCut,VQAv2_MC,32,fata_aware,fata,fata,image,500,500,proj_in,layer,1000,500,0.05641258607810596,1.3130868008022663,0.7861699999999999,0.6444872378166624,0.302
FlowCut,VQAv2_MC,32,fata_aware,fata,fata,image,500,500,proj_out,layer,1000,500,0.07185927860694938,1.1111583789838477,0.732394,0.5883148408267347,0.236
FlowCut,VQAv2_MC,32,fata_aware,fata,fata,image,500,500,llm_image_l08,layer,1000,500,0.1283244515969418,0.8091277454849333,0.6723039999999999,0.48449347194576015,0.14
FlowCut,VQAv2_MC,32,fata_aware,fata,fata,image,500,500,llm_image_l16,layer,1000,500,0.16752978032664395,0.9605687695224769,0.71487,0.5157277383757904,0.148
FlowCut,VQAv2_MC,32,fata_aware,fata,fata,image,500,500,llm_image_l24,layer,1000,500,0.25249914094906123,1.272587935013231,0.7451359999999999,0.5550841092055121,0.166
FlowCut,VQAv2_MC,32,fata_aware,fata,fata,image,500,500,llm_image_l32,layer,1000,500,0.03733230749589711,1.0880440568034537,0.7550859999999999,0.6252156710693506,0.316
FlowCut,VQAv2_MC,32,fata_aware,fata,fata,image,500,500,visual_trajectory,stage,1000,500,0.09095638229060063,3.8167695723995494,0.9961679999999999,0.9910492175728673,0.996
FlowCut,VQAv2_MC,32,fata_aware,fata,fata,image,500,500,projector_trajectory,stage,1000,500,0.07044616813803437,1.3313815921531909,0.77803,0.6463989042687235,0.314
FlowCut,VQAv2_MC,32,fata_aware,fata,fata,image,500,500,llm_trajectory,stage,1000,500,0.18695219307482375,1.1829076487200487,0.747344,0.5508620720881159,0.18
FlowCut,VQAv2_MC,32,fata_aware,fata,fata,image,500,500,all_level_fused,fused,1000,500,0.11611824783448625,2.110352937757596,0.956866,0.8937540449894122,0.718
FlowCut,VQAv2_Open,64,base_sanity,base,base,image,500,500,vis_l06,layer,1000,500,-0.030564530553296207,4.09321031332016,0.9999540000000001,0.9999096191075737,1.0
FlowCut,VQAv2_Open,64,base_sanity,base,base,image,500,500,vis_l12,layer,1000,500,-0.07389183769118972,6.574615071058274,0.9968039999999999,0.9950178865733744,0.978
FlowCut,VQAv2_Open,64,base_sanity,base,base,image,500,500,vis_l18,layer,1000,500,0.00246651144977659,3.4323364458084105,0.9915999999999999,0.9826550380001913,0.968
FlowCut,VQAv2_Open,64,base_sanity,base,base,image,500,500,vis_l24,layer,1000,500,0.026713922711322086,4.640015334263444,0.991204,0.9813563624138383,0.978
FlowCut,VQAv2_Open,64,base_sanity,base,base,image,500,500,proj_in,layer,1000,500,0.012278818028047681,3.141499637313187,0.93655,0.91351733321509,0.754
FlowCut,VQAv2_Open,64,base_sanity,base,base,image,500,500,proj_out,layer,1000,500,0.032492737417458555,3.2973088752240876,0.9422659999999998,0.9210851784484734,0.742
FlowCut,VQAv2_Open,64,base_sanity,base,base,image,500,500,llm_image_l08,layer,1000,500,0.10422458339857986,1.6599534766664727,0.860614,0.6915889042722824,0.264
FlowCut,VQAv2_Open,64,base_sanity,base,base,image,500,500,llm_image_l16,layer,1000,500,0.1408849010504782,2.0971883115791714,0.904064,0.7595989626156603,0.352
FlowCut,VQAv2_Open,64,base_sanity,base,base,image,500,500,llm_image_l24,layer,1000,500,0.231491789862077,2.5025105650126935,0.9178820000000001,0.8423398805558242,0.596
FlowCut,VQAv2_Open,64,base_sanity,base,base,image,500,500,llm_image_l32,layer,1000,500,0.16902411765465514,2.83562773982808,0.9410880000000001,0.8838860356389825,0.698
FlowCut,VQAv2_Open,64,base_sanity,base,base,image,500,500,visual_trajectory,stage,1000,500,-0.036817871056919214,7.214718220999808,0.999834,0.9996734740499416,1.0
FlowCut,VQAv2_Open,64,base_sanity,base,base,image,500,500,projector_trajectory,stage,1000,500,0.02391567981411458,3.4394265128789856,0.947978,0.9309385046288959,0.824
FlowCut,VQAv2_Open,64,base_sanity,base,base,image,500,500,llm_trajectory,stage,1000,500,0.19772427774067852,2.6599453111048743,0.9322079999999999,0.8408155805705595,0.626
FlowCut,VQAv2_Open,64,base_sanity,base,base,image,500,500,all_level_fused,fused,1000,500,0.06160736216595798,4.438030014994556,0.9991459999999999,0.9983226755965477,0.996
FlowCut,VQAv2_Open,64,cage_unseen_base_dir,base,cage,image,500,500,vis_l06,layer,1000,500,-0.030564530553296207,4.15881292629242,0.999968,0.99993631809271,1.0
FlowCut,VQAv2_Open,64,cage_unseen_base_dir,base,cage,image,500,500,vis_l12,layer,1000,500,-0.07389183769118972,8.958492369174957,0.999674,0.999410675941438,0.998
FlowCut,VQAv2_Open,64,cage_unseen_base_dir,base,cage,image,500,500,vis_l18,layer,1000,500,0.00246651144977659,6.166419074058533,0.9999879999999999,0.9999761193793415,1.0
FlowCut,VQAv2_Open,64,cage_unseen_base_dir,base,cage,image,500,500,vis_l24,layer,1000,500,0.026713922711322086,4.815322431564331,0.9946059999999999,0.9865227186393819,0.99
FlowCut,VQAv2_Open,64,cage_unseen_base_dir,base,cage,image,500,500,proj_in,layer,1000,500,0.012278818028047681,2.309871410790831,0.91952,0.8700920540713247,0.64
FlowCut,VQAv2_Open,64,cage_unseen_base_dir,base,cage,image,500,500,proj_out,layer,1000,500,0.032492737417458555,2.4958086222447453,0.9394640000000001,0.8986334190921377,0.686
FlowCut,VQAv2_Open,64,cage_unseen_base_dir,base,cage,image,500,500,llm_image_l08,layer,1000,500,0.10422458339857986,2.4633909740244273,0.9175360000000001,0.8254253737596976,0.48
FlowCut,VQAv2_Open,64,cage_unseen_base_dir,base,cage,image,500,500,llm_image_l16,layer,1000,500,0.1408849010504782,3.8123469634056093,0.9774240000000001,0.942221943629574,0.902
FlowCut,VQAv2_Open,64,cage_unseen_base_dir,base,cage,image,500,500,llm_image_l24,layer,1000,500,0.231491789862077,4.673291985273361,0.9959460000000001,0.9916188456591526,0.986
FlowCut,VQAv2_Open,64,cage_unseen_base_dir,base,cage,image,500,500,llm_image_l32,layer,1000,500,0.16902411765465514,5.567669148683548,0.997412,0.9950576465298373,0.99
FlowCut,VQAv2_Open,64,cage_unseen_base_dir,base,cage,image,500,500,visual_trajectory,stage,1000,500,-0.036817871056919214,9.844106843412167,1.0,1.0,1.0
FlowCut,VQAv2_Open,64,cage_unseen_base_dir,base,cage,image,500,500,projector_trajectory,stage,1000,500,0.02391567981411458,2.5670562011406144,0.94859,0.9130381139834414,0.796
FlowCut,VQAv2_Open,64,cage_unseen_base_dir,base,cage,image,500,500,llm_trajectory,stage,1000,500,0.19772427774067852,4.8561485174588634,0.9927360000000001,0.982985152055377,0.994
FlowCut,VQAv2_Open,64,cage_unseen_base_dir,base,cage,image,500,500,all_level_fused,fused,1000,500,0.06160736216595798,5.7557705206705485,0.99998,0.9999607843137255,1.0
FlowCut,VQAv2_Open,64,caa_unseen_base_dir,base,caa,image,500,500,vis_l06,layer,1000,500,-0.030564530553296207,1.741044338002801,0.970282,0.9395569019935226,0.932
FlowCut,VQAv2_Open,64,caa_unseen_base_dir,base,caa,image,500,500,vis_l12,layer,1000,500,-0.07389183769118972,4.906261171817779,0.9706079999999999,0.9761665307013558,0.954
FlowCut,VQAv2_Open,64,caa_unseen_base_dir,base,caa,image,500,500,vis_l18,layer,1000,500,0.00246651144977659,3.0723140586134976,0.973258,0.9596383203488807,0.914
FlowCut,VQAv2_Open,64,caa_unseen_base_dir,base,caa,image,500,500,vis_l24,layer,1000,500,0.026713922711322086,1.462336811109504,0.8099259999999999,0.7194238431384534,0.482
FlowCut,VQAv2_Open,64,caa_unseen_base_dir,base,caa,image,500,500,proj_in,layer,1000,500,0.012278818028047681,-0.326702854433679,0.3992340000000001,0.28180328876018845,0.03
FlowCut,VQAv2_Open,64,caa_unseen_base_dir,base,caa,image,500,500,proj_out,layer,1000,500,0.032492737417458555,0.14108699276298284,0.5250779999999999,0.36388999122802346,0.068
FlowCut,VQAv2_Open,64,caa_unseen_base_dir,base,caa,image,500,500,llm_image_l08,layer,1000,500,0.10422458339857986,0.37206148678052703,0.596162,0.3961425268139049,0.07
FlowCut,VQAv2_Open,64,caa_unseen_base_dir,base,caa,image,500,500,llm_image_l16,layer,1000,500,0.1408849010504782,0.6684965854921611,0.676042,0.44809529556838457,0.082
FlowCut,VQAv2_Open,64,caa_unseen_base_dir,base,caa,image,500,500,llm_image_l24,layer,1000,500,0.231491789862077,0.6544387790258043,0.624432,0.4154523538151614,0.086
FlowCut,VQAv2_Open,64,caa_unseen_base_dir,base,caa,image,500,500,llm_image_l32,layer,1000,500,0.16902411765465514,1.3730239303436247,0.7590680000000001,0.6202793343456885,0.294
FlowCut,VQAv2_Open,64,caa_unseen_base_dir,base,caa,image,500,500,visual_trajectory,stage,1000,500,-0.036817871056919214,4.808752836582078,0.9824719999999999,0.980445053640818,0.958
FlowCut,VQAv2_Open,64,caa_unseen_base_dir,base,caa,image,500,500,projector_trajectory,stage,1000,500,0.02391567981411458,-0.09915065906424715,0.459232,0.3160666024736085,0.05
FlowCut,VQAv2_Open,64,caa_unseen_base_dir,base,caa,image,500,500,llm_trajectory,stage,1000,500,0.19772427774067852,0.852845645661698,0.6885220000000001,0.469318217627844,0.086
FlowCut,VQAv2_Open,64,caa_unseen_base_dir,base,caa,image,500,500,all_level_fused,fused,1000,500,0.06160736216595798,1.8541492743931764,0.94617,0.8860659175547408,0.754
FlowCut,VQAv2_Open,64,fata_unseen_base_dir,base,fata,image,500,500,vis_l06,layer,1000,500,-0.030564530553296207,4.007890248060226,0.99996,0.9999205377931843,1.0
FlowCut,VQAv2_Open,64,fata_unseen_base_dir,base,fata,image,500,500,vis_l12,layer,1000,500,-0.07389183769118972,3.8477938774228098,0.971746,0.9750580363997503,0.958
FlowCut,VQAv2_Open,64,fata_unseen_base_dir,base,fata,image,500,500,vis_l18,layer,1000,500,0.00246651144977659,1.7490471244584769,0.908172,0.8109493326155732,0.526
FlowCut,VQAv2_Open,64,fata_unseen_base_dir,base,fata,image,500,500,vis_l24,layer,1000,500,0.026713922711322086,1.0348861015028232,0.743594,0.6198250973517196,0.336
FlowCut,VQAv2_Open,64,fata_unseen_base_dir,base,fata,image,500,500,proj_in,layer,1000,500,0.012278818028047681,0.8136434385911562,0.702372,0.5598419950304144,0.2
FlowCut,VQAv2_Open,64,fata_unseen_base_dir,base,fata,image,500,500,proj_out,layer,1000,500,0.032492737417458555,0.8860074697519885,0.705418,0.5805310920921336,0.248
FlowCut,VQAv2_Open,64,fata_unseen_base_dir,base,fata,image,500,500,llm_image_l08,layer,1000,500,0.10422458339857986,0.9011647314289585,0.72179,0.5190063878660686,0.136
FlowCut,VQAv2_Open,64,fata_unseen_base_dir,base,fata,image,500,500,llm_image_l16,layer,1000,500,0.1408849010504782,1.2772697323104367,0.787818,0.5947127433848225,0.182
FlowCut,VQAv2_Open,64,fata_unseen_base_dir,base,fata,image,500,500,llm_image_l24,layer,1000,500,0.231491789862077,1.243583779109642,0.7437419999999999,0.5754966729433436,0.208
FlowCut,VQAv2_Open,64,fata_unseen_base_dir,base,fata,image,500,500,llm_image_l32,layer,1000,500,0.16902411765465514,1.7858475014744326,0.8434659999999999,0.7142244525303572,0.372
FlowCut,VQAv2_Open,64,fata_unseen_base_dir,base,fata,image,500,500,visual_trajectory,stage,1000,500,-0.036817871056919214,4.074892950259062,0.991946,0.9843171612084339,0.982
FlowCut,VQAv2_Open,64,fata_unseen_base_dir,base,fata,image,500,500,projector_trajectory,stage,1000,500,0.02391567981411458,0.9079046831883011,0.721026,0.594200469353801,0.278
FlowCut,VQAv2_Open,64,fata_unseen_base_dir,base,fata,image,500,500,llm_trajectory,stage,1000,500,0.19772427774067852,1.5011319528932676,0.800932,0.6259527434135966,0.24
FlowCut,VQAv2_Open,64,fata_unseen_base_dir,base,fata,image,500,500,all_level_fused,fused,1000,500,0.06160736216595798,2.161309862113544,0.967474,0.9280427787653907,0.82
FlowCut,VQAv2_Open,64,cage_aware,cage,cage,image,500,500,vis_l06,layer,1000,500,-0.027651973482221363,4.242027394294738,0.9998900000000001,0.9997850814732596,1.0
FlowCut,VQAv2_Open,64,cage_aware,cage,cage,image,500,500,vis_l12,layer,1000,500,-0.06835233813594095,9.108889880657197,0.999918,0.999837661925254,1.0
FlowCut,VQAv2_Open,64,cage_aware,cage,cage,image,500,500,vis_l18,layer,1000,500,0.0323080265012104,5.624087648391724,0.999506,0.9991101631395495,0.996
FlowCut,VQAv2_Open,64,cage_aware,cage,cage,image,500,500,vis_l24,layer,1000,500,0.17176541433366946,8.871827966213226,0.999772,0.9995345126465529,1.0
FlowCut,VQAv2_Open,64,cage_aware,cage,cage,image,500,500,proj_in,layer,1000,500,0.11816829330130713,7.134357276916504,0.99995,0.9999011740379831,1.0
FlowCut,VQAv2_Open,64,cage_aware,cage,cage,image,500,500,proj_out,layer,1000,500,0.17182346025120931,6.586795859456062,0.9983660000000001,0.9969466414732452,0.998
FlowCut,VQAv2_Open,64,cage_aware,cage,cage,image,500,500,llm_image_l08,layer,1000,500,0.14654092772415606,3.6974082032293083,0.973814,0.9380620218385188,0.864
FlowCut,VQAv2_Open,64,cage_aware,cage,cage,image,500,500,llm_image_l16,layer,1000,500,0.15364401120087132,3.8639102730304002,0.971958,0.9314611660865724,0.832
FlowCut,VQAv2_Open,64,cage_aware,cage,cage,image,500,500,llm_image_l24,layer,1000,500,0.2568360646759393,5.402390398979187,0.9926220000000001,0.9825278531802573,0.99
FlowCut,VQAv2_Open,64,cage_aware,cage,cage,image,500,500,llm_image_l32,layer,1000,500,0.2015944183069514,4.91673002409935,0.9894719999999999,0.984086401783743,0.964
FlowCut,VQAv2_Open,64,cage_aware,cage,cage,image,500,500,visual_trajectory,stage,1000,500,0.017409042088452124,10.291922015245644,1.0,1.0,1.0
FlowCut,VQAv2_Open,64,cage_aware,cage,cage,image,500,500,projector_trajectory,stage,1000,500,0.15764631079683744,7.459140956736903,0.999958,0.9999167583483143,1.0
FlowCut,VQAv2_Open,64,cage_aware,cage,cage,image,500,500,llm_trajectory,stage,1000,500,0.21753325855040465,5.051185902925082,0.9902060000000001,0.9776442829975744,0.978
FlowCut,VQAv2_Open,64,cage_aware,cage,cage,image,500,500,all_level_fused,fused,1000,500,0.13086287047856474,7.600749624969208,0.9999939999999999,0.9999880715705766,1.0
FlowCut,VQAv2_Open,64,caa_aware,caa,caa,image,500,500,vis_l06,layer,1000,500,-0.0020751395563129334,3.9760837601423265,0.9830339999999999,0.9850739783506024,0.972
FlowCut,VQAv2_Open,64,caa_aware,caa,caa,image,500,500,vis_l12,layer,1000,500,-0.0657681511124174,4.264423431515693,0.960038,0.9693201882792245,0.944
FlowCut,VQAv2_Open,64,caa_aware,caa,caa,image,500,500,vis_l18,layer,1000,500,-0.13841001245810183,3.598523699194193,0.9497199999999999,0.9405209118356408,0.87
FlowCut,VQAv2_Open,64,caa_aware,caa,caa,image,500,500,vis_l24,layer,1000,500,-0.19807941672578455,3.393480969117023,0.930956,0.9163995340528978,0.78
FlowCut,VQAv2_Open,64,caa_aware,caa,caa,image,500,500,proj_in,layer,1000,500,0.008044053088306101,1.1598174763035496,0.7883560000000001,0.6804130783811343,0.35
FlowCut,VQAv2_Open,64,caa_aware,caa,caa,image,500,500,proj_out,layer,1000,500,0.04936950938263908,1.254396925312467,0.76291,0.676555181107013,0.338
FlowCut,VQAv2_Open,64,caa_aware,caa,caa,image,500,500,llm_image_l08,layer,1000,500,0.13128924018194085,1.049523985157197,0.735908,0.5564137649270149,0.158
FlowCut,VQAv2_Open,64,caa_aware,caa,caa,image,500,500,llm_image_l16,layer,1000,500,0.13228110442939214,1.1826063693176256,0.762246,0.596942355561575,0.218
FlowCut,VQAv2_Open,64,caa_aware,caa,caa,image,500,500,llm_image_l24,layer,1000,500,0.13398514671390876,1.0254655378591269,0.730454,0.6045925633172741,0.268
FlowCut,VQAv2_Open,64,caa_aware,caa,caa,image,500,500,llm_image_l32,layer,1000,500,0.005788459435629193,1.4395020709596573,0.80983,0.7389279095695601,0.458
FlowCut,VQAv2_Open,64,caa_aware,caa,caa,image,500,500,visual_trajectory,stage,1000,500,-0.15148220443822222,5.749364902172923,0.9653239999999998,0.9692276477837307,0.94
FlowCut,VQAv2_Open,64,caa_aware,caa,caa,image,500,500,projector_trajectory,stage,1000,500,0.030813430078215773,1.2956905916020405,0.791426,0.6982860839861342,0.366
FlowCut,VQAv2_Open,64,caa_aware,caa,caa,image,500,500,llm_trajectory,stage,1000,500,0.13225701814211144,1.3638639070161267,0.782826,0.6547725055457266,0.338
FlowCut,VQAv2_Open,64,caa_aware,caa,caa,image,500,500,all_level_fused,fused,1000,500,0.0038627479273683216,2.8029731335970305,0.9641040000000001,0.9574040541680598,0.884
FlowCut,VQAv2_Open,64,fata_aware,fata,fata,image,500,500,vis_l06,layer,1000,500,-0.025464978888630866,4.156548258304596,0.9999859999999999,0.9999721349361588,1.0
FlowCut,VQAv2_Open,64,fata_aware,fata,fata,image,500,500,vis_l12,layer,1000,500,-0.06397891649891972,4.576402974605561,0.99492,0.9786814792325428,1.0
FlowCut,VQAv2_Open,64,fata_aware,fata,fata,image,500,500,vis_l18,layer,1000,500,-0.07009672287059948,1.1788356538955123,0.8455440000000001,0.674436704402957,0.324
FlowCut,VQAv2_Open,64,fata_aware,fata,fata,image,500,500,vis_l24,layer,1000,500,-0.17595935712801292,1.1460202173794969,0.764304,0.6714217454654527,0.346
FlowCut,VQAv2_Open,64,fata_aware,fata,fata,image,500,500,proj_in,layer,1000,500,-0.012175789441913366,1.6531261155866086,0.875154,0.7752963263008393,0.408
FlowCut,VQAv2_Open,64,fata_aware,fata,fata,image,500,500,proj_out,layer,1000,500,0.03222687334078364,1.3819703158438206,0.786318,0.6657122200162758,0.348
FlowCut,VQAv2_Open,64,fata_aware,fata,fata,image,500,500,llm_image_l08,layer,1000,500,0.09376693522837012,0.7959558868622407,0.694398,0.49781158304328266,0.114
FlowCut,VQAv2_Open,64,fata_aware,fata,fata,image,500,500,llm_image_l16,layer,1000,500,0.10319897503452376,0.8978612166340463,0.72585,0.5232740168161368,0.1
FlowCut,VQAv2_Open,64,fata_aware,fata,fata,image,500,500,llm_image_l24,layer,1000,500,0.1462624919691589,1.1617079229643568,0.764764,0.5745216979219191,0.17
FlowCut,VQAv2_Open,64,fata_aware,fata,fata,image,500,500,llm_image_l32,layer,1000,500,-0.04512567412364297,1.3212796963974833,0.824674,0.7254701518815713,0.412
FlowCut,VQAv2_Open,64,fata_aware,fata,fata,image,500,500,visual_trajectory,stage,1000,500,-0.10042535248161033,3.5957066263305024,0.994236,0.9791354950516392,1.0
FlowCut,VQAv2_Open,64,fata_aware,fata,fata,image,500,500,projector_trajectory,stage,1000,500,0.010593079005899635,1.603455638865797,0.8458580000000001,0.7439434027919403,0.394
FlowCut,VQAv2_Open,64,fata_aware,fata,fata,image,500,500,llm_trajectory,stage,1000,500,0.1050595065800467,1.1965544842987104,0.778982,0.5847653496308691,0.186
FlowCut,VQAv2_Open,64,fata_aware,fata,fata,image,500,500,all_level_fused,fused,1000,500,0.005075744368112012,2.131905583165003,0.967576,0.9142109973646396,0.78
PruMerge,ScienceQA_MC,32,base_sanity,base,base,image,500,500,vis_l06,layer,1000,500,-0.003732591339328792,3.233244236946106,0.9982719999999999,0.9967504609557716,0.994
PruMerge,ScienceQA_MC,32,base_sanity,base,base,image,500,500,vis_l12,layer,1000,500,0.02001678276329767,4.486126590974629,0.995016,0.9909591876108521,0.99
PruMerge,ScienceQA_MC,32,base_sanity,base,base,image,500,500,vis_l18,layer,1000,500,0.003010774973779917,1.957409671470523,0.9058339999999999,0.8168465995010287,0.504
PruMerge,ScienceQA_MC,32,base_sanity,base,base,image,500,500,vis_l24,layer,1000,500,-0.01513033684680704,3.7347524046599867,0.979944,0.9681093084091184,0.906
PruMerge,ScienceQA_MC,32,base_sanity,base,base,image,500,500,proj_in,layer,1000,500,-0.0037766931348014623,3.7826167942825704,0.9683079999999998,0.9541926328535283,0.898
PruMerge,ScienceQA_MC,32,base_sanity,base,base,image,500,500,proj_out,layer,1000,500,0.025246387539664284,1.6625063048191369,0.859424,0.7769244831656992,0.538
PruMerge,ScienceQA_MC,32,base_sanity,base,base,image,500,500,llm_image_l08,layer,1000,500,0.03786963548127096,1.6370992309728172,0.8522780000000001,0.7580024507737744,0.492
PruMerge,ScienceQA_MC,32,base_sanity,base,base,image,500,500,llm_image_l16,layer,1000,500,0.023163636071258223,1.5731230907328426,0.8615,0.7756113699536992,0.552
PruMerge,ScienceQA_MC,32,base_sanity,base,base,image,500,500,llm_image_l24,layer,1000,500,0.018092431919882072,1.851330236673355,0.899416,0.8461050313915078,0.696
PruMerge,ScienceQA_MC,32,base_sanity,base,base,image,500,500,llm_image_l32,layer,1000,500,-0.0680629887348041,2.277267647041008,0.90425,0.8876950674729083,0.746
PruMerge,ScienceQA_MC,32,base_sanity,base,base,image,500,500,visual_trajectory,stage,1000,500,0.007487558017921629,5.467226388403708,0.9987180000000001,0.9973436053413159,0.998
PruMerge,ScienceQA_MC,32,base_sanity,base,base,image,500,500,projector_trajectory,stage,1000,500,0.011707346231725254,2.969205112321917,0.953596,0.92702691327081,0.822
PruMerge,ScienceQA_MC,32,base_sanity,base,base,image,500,500,llm_trajectory,stage,1000,500,0.008985968160274482,1.848634817851343,0.892846,0.8350409567785243,0.652
PruMerge,ScienceQA_MC,32,base_sanity,base,base,image,500,500,all_level_fused,fused,1000,500,0.009393624136640433,3.4283554395256557,0.992478,0.9817389188541668,0.972
PruMerge,ScienceQA_MC,32,cage_unseen_base_dir,base,cage,image,500,500,vis_l06,layer,1000,500,-0.003732591339328792,3.4100588204860687,0.99894,0.9980940546379922,0.994
PruMerge,ScienceQA_MC,32,cage_unseen_base_dir,base,cage,image,500,500,vis_l12,layer,1000,500,0.02001678276329767,6.025264906585217,0.99873,0.9981409396183454,0.998
PruMerge,ScienceQA_MC,32,cage_unseen_base_dir,base,cage,image,500,500,vis_l18,layer,1000,500,0.003010774973779917,2.673230935961008,0.954198,0.9087876279918886,0.652
PruMerge,ScienceQA_MC,32,cage_unseen_base_dir,base,cage,image,500,500,vis_l24,layer,1000,500,-0.01513033684680704,2.4854750919938087,0.9783040000000001,0.9484669248683497,0.894
PruMerge,ScienceQA_MC,32,cage_unseen_base_dir,base,cage,image,500,500,proj_in,layer,1000,500,-0.0037766931348014623,1.9047748904307373,0.9004399999999999,0.8249644445280971,0.548
PruMerge,ScienceQA_MC,32,cage_unseen_base_dir,base,cage,image,500,500,proj_out,layer,1000,500,0.025246387539664284,0.7048909647492692,0.67797,0.49614189476991244,0.174
PruMerge,ScienceQA_MC,32,cage_unseen_base_dir,base,cage,image,500,500,llm_image_l08,layer,1000,500,0.03786963548127096,1.2040361603191123,0.7741140000000001,0.6403205621909731,0.33
PruMerge,ScienceQA_MC,32,cage_unseen_base_dir,base,cage,image,500,500,llm_image_l16,layer,1000,500,0.023163636071258223,0.8917406704770401,0.7291099999999999,0.5597272025526623,0.25
PruMerge,ScienceQA_MC,32,cage_unseen_base_dir,base,cage,image,500,500,llm_image_l24,layer,1000,500,0.018092431919882072,1.0768056485857815,0.776586,0.6368849792896203,0.33
PruMerge,ScienceQA_MC,32,cage_unseen_base_dir,base,cage,image,500,500,llm_image_l32,layer,1000,500,-0.0680629887348041,0.8997986871786415,0.759584,0.6203035365071039,0.24
PruMerge,ScienceQA_MC,32,cage_unseen_base_dir,base,cage,image,500,500,visual_trajectory,stage,1000,500,0.007487558017921629,6.413753057607093,0.9998800000000001,0.9997581229559562,1.0
PruMerge,ScienceQA_MC,32,cage_unseen_base_dir,base,cage,image,500,500,projector_trajectory,stage,1000,500,0.011707346231725254,1.4230409607777588,0.8432819999999999,0.731637272373733,0.378
PruMerge,ScienceQA_MC,32,cage_unseen_base_dir,base,cage,image,500,500,llm_trajectory,stage,1000,500,0.008985968160274482,1.0375532031614125,0.7695639999999999,0.6161440727756373,0.28
PruMerge,ScienceQA_MC,32,cage_unseen_base_dir,base,cage,image,500,500,all_level_fused,fused,1000,500,0.009393624136640433,2.9581157405154213,0.994964,0.9822531194478428,0.988
PruMerge,ScienceQA_MC,32,caa_unseen_base_dir,base,caa,image,500,496,vis_l06,layer,992,496,-0.0045624927611389735,1.0569006818789808,0.8067991512747137,0.6489057600687413,0.18951612903225806
PruMerge,ScienceQA_MC,32,caa_unseen_base_dir,base,caa,image,500,496,vis_l12,layer,992,496,0.013224726140775132,3.1627777912857007,0.9514828303850156,0.9340702575881592,0.8689516129032258
PruMerge,ScienceQA_MC,32,caa_unseen_base_dir,base,caa,image,500,496,vis_l18,layer,992,496,0.007380845387571401,1.4518324967563874,0.8590803037200833,0.6915065896630124,0.31451612903225806
PruMerge,ScienceQA_MC,32,caa_unseen_base_dir,base,caa,image,500,496,vis_l24,layer,992,496,-0.007642562827494394,1.1764235542683426,0.7871439255983351,0.6765591013561163,0.3911290322580645
PruMerge,ScienceQA_MC,32,caa_unseen_base_dir,base,caa,image,500,496,proj_in,layer,992,496,0.0014227984509254325,0.868332698095342,0.7101814516129032,0.5926537179401384,0.2701612903225806
PruMerge,ScienceQA_MC,32,caa_unseen_base_dir,base,caa,image,500,496,proj_out,layer,992,496,0.029195814634770233,3.2689808828609754,0.8507779981789803,0.8248848504591475,0.6592741935483871
PruMerge,ScienceQA_MC,32,caa_unseen_base_dir,base,caa,image,500,496,llm_image_l08,layer,992,496,0.042117222022962746,3.267801614403124,0.8387970701092611,0.8109729055060243,0.6310483870967742
PruMerge,ScienceQA_MC,32,caa_unseen_base_dir,base,caa,image,500,496,llm_image_l16,layer,992,496,0.026916351030048382,2.5167421693078076,0.8433496195369408,0.8217790297515432,0.6330645161290323
PruMerge,ScienceQA_MC,32,caa_unseen_base_dir,base,caa,image,500,496,llm_image_l24,layer,992,496,0.02108951949072258,2.3703060127727147,0.8488919419875129,0.8256064733364938,0.6491935483870968
PruMerge,ScienceQA_MC,32,caa_unseen_base_dir,base,caa,image,500,496,llm_image_l32,layer,992,496,-0.06329129101856867,2.4416869726001975,0.8402360009105099,0.8237343293036675,0.6189516129032258
PruMerge,ScienceQA_MC,32,caa_unseen_base_dir,base,caa,image,500,496,visual_trajectory,stage,992,496,0.00798702759087659,3.156288553254407,0.9701360887096775,0.9371188562227721,0.8830645161290323
PruMerge,ScienceQA_MC,32,caa_unseen_base_dir,base,caa,image,500,496,projector_trajectory,stage,992,496,0.01669621711666641,2.2560615097021484,0.8411241545265348,0.8022604340307553,0.5745967741935484
PruMerge,ScienceQA_MC,32,caa_unseen_base_dir,base,caa,image,500,496,llm_trajectory,stage,992,496,0.012853676482757061,2.6593669769849964,0.8472172541623308,0.826736592727086,0.6391129032258065
PruMerge,ScienceQA_MC,32,caa_unseen_base_dir,base,caa,image,500,496,all_level_fused,fused,992,496,0.012512307063433354,2.690572346647184,0.9389450279656607,0.9139707623768032,0.7983870967741935
PruMerge,ScienceQA_MC,32,fata_unseen_base_dir,base,fata,image,500,500,vis_l06,layer,1000,500,-0.003732591339328792,3.1267468540668486,0.9976,0.9954356796435075,0.988
PruMerge,ScienceQA_MC,32,fata_unseen_base_dir,base,fata,image,500,500,vis_l12,layer,1000,500,0.02001678276329767,3.0359812271595,0.972756,0.9511241454915934,0.92
PruMerge,ScienceQA_MC,32,fata_unseen_base_dir,base,fata,image,500,500,vis_l18,layer,1000,500,0.003010774973779917,1.1413064066320657,0.800546,0.6052550905453541,0.29
PruMerge,ScienceQA_MC,32,fata_unseen_base_dir,base,fata,image,500,500,vis_l24,layer,1000,500,-0.01513033684680704,0.906248619990889,0.75198,0.5827838865004324,0.246
PruMerge,ScienceQA_MC,32,fata_unseen_base_dir,base,fata,image,500,500,proj_in,layer,1000,500,-0.0037766931348014623,0.8247689615581184,0.7221859999999999,0.5681333948743513,0.194
PruMerge,ScienceQA_MC,32,fata_unseen_base_dir,base,fata,image,500,500,proj_out,layer,1000,500,0.025246387539664284,1.057077766193077,0.7675320000000001,0.6367654805750113,0.344
PruMerge,ScienceQA_MC,32,fata_unseen_base_dir,base,fata,image,500,500,llm_image_l08,layer,1000,500,0.03786963548127096,1.0871543469363822,0.76511,0.6290185347336941,0.356
PruMerge,ScienceQA_MC,32,fata_unseen_base_dir,base,fata,image,500,500,llm_image_l16,layer,1000,500,0.023163636071258223,1.0801282237642444,0.7802859999999999,0.6432440206753999,0.366
PruMerge,ScienceQA_MC,32,fata_unseen_base_dir,base,fata,image,500,500,llm_image_l24,layer,1000,500,0.018092431919882072,1.3295820931596682,0.83856,0.7324978726727892,0.496
PruMerge,ScienceQA_MC,32,fata_unseen_base_dir,base,fata,image,500,500,llm_image_l32,layer,1000,500,-0.0680629887348041,1.2662846473716198,0.829708,0.7440703254350505,0.386
PruMerge,ScienceQA_MC,32,fata_unseen_base_dir,base,fata,image,500,500,visual_trajectory,stage,1000,500,0.007487558017921629,3.4110006432681748,0.9853820000000001,0.9607193864920125,0.968
PruMerge,ScienceQA_MC,32,fata_unseen_base_dir,base,fata,image,500,500,projector_trajectory,stage,1000,500,0.011707346231725254,1.0261639329012444,0.7700780000000002,0.629139282516411,0.268
PruMerge,ScienceQA_MC,32,fata_unseen_base_dir,base,fata,image,500,500,llm_trajectory,stage,1000,500,0.008985968160274482,1.2319670264407223,0.816934,0.698000538640938,0.432
PruMerge,ScienceQA_MC,32,fata_unseen_base_dir,base,fata,image,500,500,all_level_fused,fused,1000,500,0.009393624136640433,1.8897105342033806,0.95492,0.9069142617592888,0.8
PruMerge,ScienceQA_MC,32,cage_aware,cage,cage,image,500,500,vis_l06,layer,1000,500,-0.002291605405509472,3.4959759464263915,0.998348,0.9969586423246448,0.992
PruMerge,ScienceQA_MC,32,cage_aware,cage,cage,image,500,500,vis_l12,layer,1000,500,0.03205394811928272,4.841782334327697,0.998062,0.9947808559024808,0.998
PruMerge,ScienceQA_MC,32,cage_aware,cage,cage,image,500,500,vis_l18,layer,1000,500,0.029990831524133683,2.803937471985817,0.9963420000000001,0.9928623025123573,0.99
PruMerge,ScienceQA_MC,32,cage_aware,cage,cage,image,500,500,vis_l24,layer,1000,500,-0.030287961479423756,4.140830502033234,0.9994559999999999,0.9989815541441596,0.998
PruMerge,ScienceQA_MC,32,cage_aware,cage,cage,image,500,500,proj_in,layer,1000,500,-0.03625485500937793,4.364610463142395,0.9993679999999999,0.9987958952182356,0.998
PruMerge,ScienceQA_MC,32,cage_aware,cage,cage,image,500,500,proj_out,layer,1000,500,-0.004536279999476392,5.296699425518513,0.9841420000000001,0.9694848822170562,0.912
PruMerge,ScienceQA_MC,32,cage_aware,cage,cage,image,500,500,llm_image_l08,layer,1000,500,-0.017641162348532816,5.247617416512221,0.9782920000000002,0.9611801385982252,0.896
PruMerge,ScienceQA_MC,32,cage_aware,cage,cage,image,500,500,llm_image_l16,layer,1000,500,-0.03585326632071519,5.148645812598988,0.98404,0.9708033985044341,0.9
PruMerge,ScienceQA_MC,32,cage_aware,cage,cage,image,500,500,llm_image_l24,layer,1000,500,-0.028864021816989407,4.72964360833168,0.995024,0.989625372830619,0.964
PruMerge,ScienceQA_MC,32,cage_aware,cage,cage,image,500,500,llm_image_l32,layer,1000,500,0.05138268452417105,2.8355963209867476,0.991426,0.983270287561964,0.96
PruMerge,ScienceQA_MC,32,cage_aware,cage,cage,image,500,500,visual_trajectory,stage,1000,500,0.01897804167273557,4.7550342845188345,0.999868,0.9997422922096644,1.0
PruMerge,ScienceQA_MC,32,cage_aware,cage,cage,image,500,500,projector_trajectory,stage,1000,500,-0.02377362077510427,5.630744308560895,0.996754,0.9932406866721628,0.992
PruMerge,ScienceQA_MC,32,cage_aware,cage,cage,image,500,500,llm_trajectory,stage,1000,500,-0.018311219018633036,5.32724666034648,0.991922,0.9834295457810636,0.948
PruMerge,ScienceQA_MC,32,cage_aware,cage,cage,image,500,500,all_level_fused,fused,1000,500,-0.007702266040333918,5.237675084475403,0.9986,0.9971375785142259,0.996
PruMerge,ScienceQA_MC,32,caa_aware,caa,caa,image,494,496,vis_l06,layer,992,496,-0.0018534189279190258,3.4617708727760585,0.9509442475286161,0.94993559987347,0.8911290322580645
PruMerge,ScienceQA_MC,32,caa_aware,caa,caa,image,494,496,vis_l12,layer,992,496,-0.022467134522131463,2.2936463031519745,0.8755019998699272,0.8942349472691197,0.8145161290322581
PruMerge,ScienceQA_MC,32,caa_aware,caa,caa,image,494,496,vis_l18,layer,992,496,-0.007734245243256972,3.120493257393865,0.8678520909209159,0.8714179451022467,0.7379032258064516
PruMerge,ScienceQA_MC,32,caa_aware,caa,caa,image,494,496,vis_l24,layer,992,496,0.014496906084757703,3.7481338856765256,0.8766442020031218,0.8721828629325796,0.7419354838709677
PruMerge,ScienceQA_MC,32,caa_aware,caa,caa,image,494,496,proj_in,layer,992,496,0.015021417433144375,3.5096577665254083,0.8019580027315296,0.7964023762781366,0.6169354838709677
PruMerge,ScienceQA_MC,32,caa_aware,caa,caa,image,494,496,proj_out,layer,992,496,0.03760721168867848,4.093495865703575,0.8400246325442248,0.8238128733598594,0.6391129032258065
PruMerge,ScienceQA_MC,32,caa_aware,caa,caa,image,494,496,llm_image_l08,layer,992,496,0.02017792275047771,4.033440890235661,0.8368927224245577,0.8240171055747021,0.6512096774193549
PruMerge,ScienceQA_MC,32,caa_aware,caa,caa,image,494,496,llm_image_l16,layer,992,496,0.020727357396715947,2.9123966068375835,0.847457075962539,0.8349580453110739,0.6633064516129032
PruMerge,ScienceQA_MC,32,caa_aware,caa,caa,image,494,496,llm_image_l24,layer,992,496,0.019393987942748936,2.9384745757579953,0.8636186264308013,0.8483699831783095,0.6955645161290323
PruMerge,ScienceQA_MC,32,caa_aware,caa,caa,image,494,496,llm_image_l32,layer,992,496,-0.06620964340817731,3.0764084446371625,0.8516092449271593,0.8452332284663001,0.6875
PruMerge,ScienceQA_MC,32,caa_aware,caa,caa,image,494,496,visual_trajectory,stage,992,496,-0.009609329050677384,3.6293444041813587,0.8988846253902185,0.9083366108811093,0.8366935483870968
PruMerge,ScienceQA_MC,32,caa_aware,caa,caa,image,494,496,projector_trajectory,stage,992,496,0.02715812714352666,3.923479075847854,0.8237492683402705,0.81195551354188,0.6350806451612904
PruMerge,ScienceQA_MC,32,caa_aware,caa,caa,image,494,496,llm_trajectory,stage,992,496,0.005953106968736582,3.2734363058983407,0.8555215920915711,0.8434694698169417,0.6875
PruMerge,ScienceQA_MC,32,caa_aware,caa,caa,image,494,496,all_level_fused,fused,992,496,0.007833968353861964,3.608753261975851,0.8733110854578564,0.8694203146611543,0.7419354838709677
PruMerge,ScienceQA_MC,32,fata_aware,fata,fata,image,500,500,vis_l06,layer,1000,500,-0.006557829320430756,3.2929330883026124,0.998826,0.9977076834001357,0.998
PruMerge,ScienceQA_MC,32,fata_aware,fata,fata,image,500,500,vis_l12,layer,1000,500,-0.025257780698186252,4.103066827364266,0.9861699999999999,0.9687336386477785,0.938
PruMerge,ScienceQA_MC,32,fata_aware,fata,fata,image,500,500,vis_l18,layer,1000,500,-0.003742008201603312,1.413631141721271,0.839099,0.676937297207021,0.316
PruMerge,ScienceQA_MC,32,fata_aware,fata,fata,image,500,500,vis_l24,layer,1000,500,0.004851003759074956,1.2015033702682705,0.7962000000000001,0.7097998630002631,0.46
PruMerge,ScienceQA_MC,32,fata_aware,fata,fata,image,500,500,proj_in,layer,1000,500,0.02159629557922017,1.3811441052481532,0.816292,0.7374106678966745,0.448
PruMerge,ScienceQA_MC,32,fata_aware,fata,fata,image,500,500,proj_out,layer,1000,500,0.02510406713258999,1.296907511850237,0.786732,0.6891683157971035,0.386
PruMerge,ScienceQA_MC,32,fata_aware,fata,fata,image,500,500,llm_image_l08,layer,1000,500,0.009241721408325248,1.2599745539687575,0.77459,0.6812357863590742,0.396
PruMerge,ScienceQA_MC,32,fata_aware,fata,fata,image,500,500,llm_image_l16,layer,1000,500,0.016299438443849793,1.2101700715469197,0.7949519999999999,0.696011078650287,0.458
PruMerge,ScienceQA_MC,32,fata_aware,fata,fata,image,500,500,llm_image_l24,layer,1000,500,0.01615158766237437,1.4504650940326973,0.849364,0.7678966778445213,0.568
PruMerge,ScienceQA_MC,32,fata_aware,fata,fata,image,500,500,llm_image_l32,layer,1000,500,-0.029265934233320877,1.7182824994316324,0.879026,0.8308153149718087,0.648
PruMerge,ScienceQA_MC,32,fata_aware,fata,fata,image,500,500,visual_trajectory,stage,1000,500,-0.013361307414977317,3.4748678291233905,0.986468,0.9659302113084112,0.96
PruMerge,ScienceQA_MC,32,fata_aware,fata,fata,image,500,500,projector_trajectory,stage,1000,500,0.024014152302099703,1.3771016950835404,0.80772,0.7239689000746334,0.442
PruMerge,ScienceQA_MC,32,fata_aware,fata,fata,image,500,500,llm_trajectory,stage,1000,500,0.007682402787325472,1.4207545456742559,0.8372200000000001,0.752657052272731,0.544
PruMerge,ScienceQA_MC,32,fata_aware,fata,fata,image,500,500,all_level_fused,fused,1000,500,0.006111749224815952,2.090908023293729,0.945466,0.9092896575840959,0.794
PruMerge,TextVQA_Open,64,base_sanity,base,base,image,500,500,vis_l06,layer,1000,500,0.00590861951559782,4.017417019367218,0.9998980000000001,0.999805811728426,1.0
PruMerge,TextVQA_Open,64,base_sanity,base,base,image,500,500,vis_l12,layer,1000,500,-0.023344911770080218,4.135136439323425,0.9762860000000001,0.9693608327694678,0.956
PruMerge,TextVQA_Open,64,base_sanity,base,base,image,500,500,vis_l18,layer,1000,500,0.018641448749112898,2.1876230252534152,0.950512,0.8622883138998952,0.754
PruMerge,TextVQA_Open,64,base_sanity,base,base,image,500,500,vis_l24,layer,1000,500,-0.035656158953395786,2.392631549783051,0.949654,0.9207428090748766,0.794
PruMerge,TextVQA_Open,64,base_sanity,base,base,image,500,500,proj_in,layer,1000,500,-0.029600765812210737,2.8773684334643184,0.9519119999999999,0.9256584286887481,0.806
PruMerge,TextVQA_Open,64,base_sanity,base,base,image,500,500,proj_out,layer,1000,500,-0.05561283367128635,1.997266755068209,0.8984000000000001,0.8403728831483089,0.602
PruMerge,TextVQA_Open,64,base_sanity,base,base,image,500,500,llm_image_l08,layer,1000,500,-0.05743468493955152,1.885147822028608,0.88973,0.82556608952535,0.596
PruMerge,TextVQA_Open,64,base_sanity,base,base,image,500,500,llm_image_l16,layer,1000,500,-0.0558621839643165,1.6481570542231203,0.888732,0.8265158474291052,0.602
PruMerge,TextVQA_Open,64,base_sanity,base,base,image,500,500,llm_image_l24,layer,1000,500,-0.05308808204799425,1.7148986949464307,0.913484,0.8701826210181077,0.67
PruMerge,TextVQA_Open,64,base_sanity,base,base,image,500,500,llm_image_l32,layer,1000,500,-0.09510692230696441,2.0432978060450404,0.916242,0.8746250505983666,0.658
PruMerge,TextVQA_Open,64,base_sanity,base,base,image,500,500,visual_trajectory,stage,1000,500,-0.008582576844006767,4.176932857396317,0.990286,0.9795528066882057,0.982
PruMerge,TextVQA_Open,64,base_sanity,base,base,image,500,500,projector_trajectory,stage,1000,500,-0.044398384650574954,2.5398044976531398,0.93733,0.9071332476263068,0.75
PruMerge,TextVQA_Open,64,base_sanity,base,base,image,500,500,llm_trajectory,stage,1000,500,-0.06486902750138275,1.8657455655946438,0.91591,0.8677720759158881,0.662
PruMerge,TextVQA_Open,64,base_sanity,base,base,image,500,500,all_level_fused,fused,1000,500,-0.03928332966532149,2.8608276402147004,0.974596,0.9635215136314629,0.93
PruMerge,TextVQA_Open,64,cage_unseen_base_dir,base,cage,image,500,500,vis_l06,layer,1000,500,0.00590861951559782,4.093320518493653,0.999878,0.9997673976244216,1.0
PruMerge,TextVQA_Open,64,cage_unseen_base_dir,base,cage,image,500,500,vis_l12,layer,1000,500,-0.023344911770080218,5.4951318182349205,0.9887959999999999,0.9868345668902142,0.976
PruMerge,TextVQA_Open,64,cage_unseen_base_dir,base,cage,image,500,500,vis_l18,layer,1000,500,0.018641448749112898,3.6410171883106233,0.9880979999999999,0.9606260625805434,0.968
PruMerge,TextVQA_Open,64,cage_unseen_base_dir,base,cage,image,500,500,vis_l24,layer,1000,500,-0.035656158953395786,1.9989714642837644,0.9351799999999999,0.8809704343992937,0.686
PruMerge,TextVQA_Open,64,cage_unseen_base_dir,base,cage,image,500,500,proj_in,layer,1000,500,-0.029600765812210737,1.8779038403462618,0.902164,0.8250550489571412,0.576
PruMerge,TextVQA_Open,64,cage_unseen_base_dir,base,cage,image,500,500,proj_out,layer,1000,500,-0.05561283367128635,0.9501724106930196,0.768734,0.6035642427123247,0.232
PruMerge,TextVQA_Open,64,cage_unseen_base_dir,base,cage,image,500,500,llm_image_l08,layer,1000,500,-0.05743468493955152,1.3662652831012383,0.84049,0.7261876442447528,0.396
PruMerge,TextVQA_Open,64,cage_unseen_base_dir,base,cage,image,500,500,llm_image_l16,layer,1000,500,-0.0558621839643165,1.2980485729016364,0.84003,0.7339988991291807,0.428
PruMerge,TextVQA_Open,64,cage_unseen_base_dir,base,cage,image,500,500,llm_image_l24,layer,1000,500,-0.05308808204799425,1.4445172297235112,0.8814059999999999,0.8086148568639726,0.544
PruMerge,TextVQA_Open,64,cage_unseen_base_dir,base,cage,image,500,500,llm_image_l32,layer,1000,500,-0.09510692230696441,1.6835740120871925,0.911068,0.8418707139988383,0.568
PruMerge,TextVQA_Open,64,cage_unseen_base_dir,base,cage,image,500,500,visual_trajectory,stage,1000,500,-0.008582576844006767,5.340657348720746,0.996856,0.9939416532970751,0.99
PruMerge,TextVQA_Open,64,cage_unseen_base_dir,base,cage,image,500,500,projector_trajectory,stage,1000,500,-0.044398384650574954,1.4734970896827442,0.8575279999999998,0.7522814926798639,0.418
PruMerge,TextVQA_Open,64,cage_unseen_base_dir,base,cage,image,500,500,llm_trajectory,stage,1000,500,-0.06486902750138275,1.4945796361847659,0.882244,0.7993518300633174,0.514
PruMerge,TextVQA_Open,64,cage_unseen_base_dir,base,cage,image,500,500,all_level_fused,fused,1000,500,-0.03928332966532149,2.769578024862752,0.977236,0.9628315924181223,0.93
PruMerge,TextVQA_Open,64,caa_unseen_base_dir,base,caa,image,500,500,vis_l06,layer,1000,500,0.00590861951559782,1.832750878007151,0.952234,0.9191510327792909,0.824
PruMerge,TextVQA_Open,64,caa_unseen_base_dir,base,caa,image,500,500,vis_l12,layer,1000,500,-0.023344911770080218,3.043240266340785,0.934992,0.9171009564783761,0.884
PruMerge,TextVQA_Open,64,caa_unseen_base_dir,base,caa,image,500,500,vis_l18,layer,1000,500,0.018641448749112898,1.9041333102505886,0.914716,0.8120405074066673,0.632
PruMerge,TextVQA_Open,64,caa_unseen_base_dir,base,caa,image,500,500,vis_l24,layer,1000,500,-0.035656158953395786,1.8854619037304075,0.852502,0.8094745566105205,0.58
PruMerge,TextVQA_Open,64,caa_unseen_base_dir,base,caa,image,500,500,proj_in,layer,1000,500,-0.029600765812210737,1.5203693043036037,0.80026,0.7305761886308659,0.454
PruMerge,TextVQA_Open,64,caa_unseen_base_dir,base,caa,image,500,500,proj_out,layer,1000,500,-0.05561283367128635,2.7021745433565227,0.86521,0.8379020739502341,0.622
PruMerge,TextVQA_Open,64,caa_unseen_base_dir,base,caa,image,500,500,llm_image_l08,layer,1000,500,-0.05743468493955152,2.752183516956866,0.8603459999999999,0.8342575539986925,0.62
PruMerge,TextVQA_Open,64,caa_unseen_base_dir,base,caa,image,500,500,llm_image_l16,layer,1000,500,-0.0558621839643165,2.1650594997210426,0.866134,0.8420981302991377,0.64
PruMerge,TextVQA_Open,64,caa_unseen_base_dir,base,caa,image,500,500,llm_image_l24,layer,1000,500,-0.05308808204799425,2.0696394166648386,0.8815339999999998,0.8582851586884723,0.662
PruMerge,TextVQA_Open,64,caa_unseen_base_dir,base,caa,image,500,500,llm_image_l32,layer,1000,500,-0.09510692230696441,1.9947754741003736,0.852164,0.8066306786787222,0.55
PruMerge,TextVQA_Open,64,caa_unseen_base_dir,base,caa,image,500,500,visual_trajectory,stage,1000,500,-0.008582576844006767,2.9839268527913982,0.956196,0.9261571533505111,0.906
PruMerge,TextVQA_Open,64,caa_unseen_base_dir,base,caa,image,500,500,projector_trajectory,stage,1000,500,-0.044398384650574954,2.20004891343465,0.844748,0.8094706742867457,0.582
PruMerge,TextVQA_Open,64,caa_unseen_base_dir,base,caa,image,500,500,llm_trajectory,stage,1000,500,-0.06486902750138275,2.314348577824777,0.8770359999999999,0.8514279071586088,0.64
PruMerge,TextVQA_Open,64,caa_unseen_base_dir,base,caa,image,500,500,all_level_fused,fused,1000,500,-0.03928332966532149,2.499441448016942,0.917018,0.8968344963949316,0.752
PruMerge,TextVQA_Open,64,fata_unseen_base_dir,base,fata,image,500,500,vis_l06,layer,1000,500,0.00590861951559782,3.9533001132011414,0.999824,0.9996707103039332,1.0
PruMerge,TextVQA_Open,64,fata_unseen_base_dir,base,fata,image,500,500,vis_l12,layer,1000,500,-0.023344911770080218,2.568674142330885,0.94935,0.9019789212693985,0.902
PruMerge,TextVQA_Open,64,fata_unseen_base_dir,base,fata,image,500,500,vis_l18,layer,1000,500,0.018641448749112898,1.2785605729110538,0.8562400000000001,0.6859988682855995,0.304
PruMerge,TextVQA_Open,64,fata_unseen_base_dir,base,fata,image,500,500,vis_l24,layer,1000,500,-0.035656158953395786,0.9186436540130526,0.7633420000000001,0.6128077261224176,0.278
PruMerge,TextVQA_Open,64,fata_unseen_base_dir,base,fata,image,500,500,proj_in,layer,1000,500,-0.029600765812210737,0.9929927213136107,0.7646459999999999,0.6123347434171178,0.282
PruMerge,TextVQA_Open,64,fata_unseen_base_dir,base,fata,image,500,500,proj_out,layer,1000,500,-0.05561283367128635,0.9858849709425122,0.75793,0.6236559918685799,0.278
PruMerge,TextVQA_Open,64,fata_unseen_base_dir,base,fata,image,500,500,llm_image_l08,layer,1000,500,-0.05743468493955152,1.0222195493143371,0.7622230000000001,0.6345647082303846,0.3
PruMerge,TextVQA_Open,64,fata_unseen_base_dir,base,fata,image,500,500,llm_image_l16,layer,1000,500,-0.0558621839643165,0.9558783359070949,0.7632380000000001,0.6324830745913297,0.296
PruMerge,TextVQA_Open,64,fata_unseen_base_dir,base,fata,image,500,500,llm_image_l24,layer,1000,500,-0.05308808204799425,1.0577257128525526,0.8046220000000001,0.6859048666699155,0.344
PruMerge,TextVQA_Open,64,fata_unseen_base_dir,base,fata,image,500,500,llm_image_l32,layer,1000,500,-0.09510692230696441,0.994834935602732,0.7921619999999999,0.6698131533985011,0.318
PruMerge,TextVQA_Open,64,fata_unseen_base_dir,base,fata,image,500,500,visual_trajectory,stage,1000,500,-0.008582576844006767,2.7545264179693802,0.97807,0.9325283466529357,0.946
PruMerge,TextVQA_Open,64,fata_unseen_base_dir,base,fata,image,500,500,projector_trajectory,stage,1000,500,-0.044398384650574954,1.0310438099460821,0.768794,0.6348284731463498,0.292
PruMerge,TextVQA_Open,64,fata_unseen_base_dir,base,fata,image,500,500,llm_trajectory,stage,1000,500,-0.06486902750138275,1.0584256093225481,0.79731,0.6708472726450875,0.308
PruMerge,TextVQA_Open,64,fata_unseen_base_dir,base,fata,image,500,500,all_level_fused,fused,1000,500,-0.03928332966532149,1.6146652790793368,0.906082,0.8294655677319404,0.588
PruMerge,TextVQA_Open,64,cage_aware,cage,cage,image,500,500,vis_l06,layer,1000,500,0.010573293812572956,4.058650348186493,0.999682,0.9994065052935919,0.998
PruMerge,TextVQA_Open,64,cage_aware,cage,cage,image,500,500,vis_l12,layer,1000,500,-0.015376981955865631,5.581536809625104,0.993216,0.9884164135006729,0.988
PruMerge,TextVQA_Open,64,cage_aware,cage,cage,image,500,500,vis_l18,layer,1000,500,0.0242473151658196,3.700019836910069,0.986216,0.9708358770265327,0.962
PruMerge,TextVQA_Open,64,cage_aware,cage,cage,image,500,500,vis_l24,layer,1000,500,0.003297800079220906,4.102008171617984,0.98954,0.9810578432475975,0.95
PruMerge,TextVQA_Open,64,cage_aware,cage,cage,image,500,500,proj_in,layer,1000,500,-0.026268231908790768,5.039064979434014,0.992634,0.9876456350830476,0.956
PruMerge,TextVQA_Open,64,cage_aware,cage,cage,image,500,500,proj_out,layer,1000,500,-0.019095536775304935,3.5957546055465937,0.9745879999999999,0.9586472698686272,0.89
PruMerge,TextVQA_Open,64,cage_aware,cage,cage,image,500,500,llm_image_l08,layer,1000,500,-0.025504853710590396,3.6124939434807746,0.974276,0.9542558043039725,0.89
PruMerge,TextVQA_Open,64,cage_aware,cage,cage,image,500,500,llm_image_l16,layer,1000,500,-0.028836226415762212,2.895825780923944,0.969314,0.9499390143640032,0.874
PruMerge,TextVQA_Open,64,cage_aware,cage,cage,image,500,500,llm_image_l24,layer,1000,500,-0.04632673049753066,3.074461740165949,0.9848020000000001,0.9747578475765136,0.944
PruMerge,TextVQA_Open,64,cage_aware,cage,cage,image,500,500,llm_image_l32,layer,1000,500,-0.05122146765084472,3.622987106800079,0.991802,0.9750810354760997,0.98
PruMerge,TextVQA_Open,64,cage_aware,cage,cage,image,500,500,visual_trajectory,stage,1000,500,0.006626159320135741,5.601582071481997,0.997042,0.9943279675870675,0.992
PruMerge,TextVQA_Open,64,cage_aware,cage,cage,image,500,500,projector_trajectory,stage,1000,500,-0.024307105918608726,4.626764218114014,0.9894459999999999,0.9828916362121711,0.942
PruMerge,TextVQA_Open,64,cage_aware,cage,cage,image,500,500,llm_trajectory,stage,1000,500,-0.040360027167778235,3.408669715628942,0.987092,0.9737827625648262,0.95
PruMerge,TextVQA_Open,64,cage_aware,cage,cage,image,500,500,all_level_fused,fused,1000,500,-0.019346991255417084,4.54567200174165,0.99535,0.9919203463845262,0.98
PruMerge,TextVQA_Open,64,caa_aware,caa,caa,image,500,500,vis_l06,layer,1000,500,0.031853193500079216,3.7496074985414745,0.9776400000000001,0.9780759465938158,0.958
PruMerge,TextVQA_Open,64,caa_aware,caa,caa,image,500,500,vis_l12,layer,1000,500,-0.039918977090739646,3.0859294045399874,0.910712,0.9274155589541015,0.874
PruMerge,TextVQA_Open,64,caa_aware,caa,caa,image,500,500,vis_l18,layer,1000,500,0.021099355952697806,3.0288115086792966,0.912984,0.9026783021412383,0.81
PruMerge,TextVQA_Open,64,caa_aware,caa,caa,image,500,500,vis_l24,layer,1000,500,-0.09364444932166953,2.435649448281154,0.871344,0.8535844532631415,0.652
PruMerge,TextVQA_Open,64,caa_aware,caa,caa,image,500,500,proj_in,layer,1000,500,-0.0964070465033874,2.676339691378176,0.8380980000000001,0.8223984664936642,0.62
PruMerge,TextVQA_Open,64,caa_aware,caa,caa,image,500,500,proj_out,layer,1000,500,-0.05108962906268425,3.0118367356695233,0.867736,0.8446556709927996,0.644
PruMerge,TextVQA_Open,64,caa_aware,caa,caa,image,500,500,llm_image_l08,layer,1000,500,-0.06418036616168683,3.166621739000082,0.8681220000000001,0.8456032156160181,0.636
PruMerge,TextVQA_Open,64,caa_aware,caa,caa,image,500,500,llm_image_l16,layer,1000,500,-0.06701483171191648,2.353499638439156,0.87326,0.851709952275864,0.648
PruMerge,TextVQA_Open,64,caa_aware,caa,caa,image,500,500,llm_image_l24,layer,1000,500,-0.06206418175145518,2.192155860349536,0.888114,0.8665930450543108,0.696
PruMerge,TextVQA_Open,64,caa_aware,caa,caa,image,500,500,llm_image_l32,layer,1000,500,-0.06220860543858726,2.374741332818754,0.882272,0.8386470186514483,0.612
PruMerge,TextVQA_Open,64,caa_aware,caa,caa,image,500,500,visual_trajectory,stage,1000,500,-0.022291635279560698,4.128459584150128,0.94051,0.9447483549872098,0.888
PruMerge,TextVQA_Open,64,caa_aware,caa,caa,image,500,500,projector_trajectory,stage,1000,500,-0.07678747429817977,2.9612917383282737,0.856802,0.8392201516169137,0.63
PruMerge,TextVQA_Open,64,caa_aware,caa,caa,image,500,500,llm_trajectory,stage,1000,500,-0.06701398342332118,2.549996811035217,0.8851740000000001,0.8626147622596448,0.668
PruMerge,TextVQA_Open,64,caa_aware,caa,caa,image,500,500,all_level_fused,fused,1000,500,-0.05536436433368723,3.213249377837873,0.915986,0.9133386766893725,0.824
PruMerge,TextVQA_Open,64,fata_aware,fata,fata,image,500,500,vis_l06,layer,1000,500,0.005028671480249614,3.9796956281661986,0.9998759999999999,0.9997630079294264,1.0
PruMerge,TextVQA_Open,64,fata_aware,fata,fata,image,500,500,vis_l12,layer,1000,500,0.0035646191508567427,3.365806302309036,0.985738,0.9270491702662993,0.99
PruMerge,TextVQA_Open,64,fata_aware,fata,fata,image,500,500,vis_l18,layer,1000,500,0.026653951593558305,1.115880111137405,0.816096,0.6352134994121851,0.238
PruMerge,TextVQA_Open,64,fata_aware,fata,fata,image,500,500,vis_l24,layer,1000,500,-0.08924005388945806,0.895123736788053,0.7670319999999999,0.6439961565701433,0.304
PruMerge,TextVQA_Open,64,fata_aware,fata,fata,image,500,500,proj_in,layer,1000,500,-0.0823764753357973,1.078737354877172,0.7803640000000001,0.6841399135897275,0.37
PruMerge,TextVQA_Open,64,fata_aware,fata,fata,image,500,500,proj_out,layer,1000,500,-0.04806927178660408,1.0229701436087488,0.7596,0.6370974060085225,0.31
PruMerge,TextVQA_Open,64,fata_aware,fata,fata,image,500,500,llm_image_l08,layer,1000,500,-0.05508291987120174,1.09367783557871,0.7688999999999999,0.6509520745375919,0.326
PruMerge,TextVQA_Open,64,fata_aware,fata,fata,image,500,500,llm_image_l16,layer,1000,500,-0.05925848611036781,1.0402277868799865,0.776788,0.6614834098145135,0.348
PruMerge,TextVQA_Open,64,fata_aware,fata,fata,image,500,500,llm_image_l24,layer,1000,500,-0.06096396883708076,1.1194713840881596,0.8199519999999999,0.7136738582590169,0.418
PruMerge,TextVQA_Open,64,fata_aware,fata,fata,image,500,500,llm_image_l32,layer,1000,500,-0.0894368644485221,1.3225786948609166,0.8593180000000001,0.7724903466434231,0.454
PruMerge,TextVQA_Open,64,fata_aware,fata,fata,image,500,500,visual_trajectory,stage,1000,500,-0.0050141029164495875,2.9185454808903204,0.983312,0.9351985458469931,0.96
PruMerge,TextVQA_Open,64,fata_aware,fata,fata,image,500,500,projector_trajectory,stage,1000,500,-0.06769725614082861,1.0907201170652367,0.776532,0.6714456082864795,0.348
PruMerge,TextVQA_Open,64,fata_aware,fata,fata,image,500,500,llm_trajectory,stage,1000,500,-0.06653728427755999,1.1641902635529455,0.8166059999999999,0.7067740146683267,0.374
PruMerge,TextVQA_Open,64,fata_aware,fata,fata,image,500,500,all_level_fused,fused,1000,500,-0.04641621444494606,1.724485287169501,0.9253760000000001,0.8646619969121656,0.658
PruMerge,VQAv2_MC,32,base_sanity,base,base,image,500,500,vis_l06,layer,1000,500,-0.0006263028308749199,4.168522444725037,1.0,1.0,1.0
PruMerge,VQAv2_MC,32,base_sanity,base,base,image,500,500,vis_l12,layer,1000,500,-0.06854044834419619,7.141206381917,0.996266,0.9965061042773375,0.992
PruMerge,VQAv2_MC,32,base_sanity,base,base,image,500,500,vis_l18,layer,1000,500,0.0445046712506155,3.432721435427666,0.9904040000000001,0.9814740854527716,0.952
PruMerge,VQAv2_MC,32,base_sanity,base,base,image,500,500,vis_l24,layer,1000,500,-0.05195011332305148,4.1302450189217925,0.985555,0.9757742534354887,0.946
PruMerge,VQAv2_MC,32,base_sanity,base,base,image,500,500,proj_in,layer,1000,500,-0.0036716126101091506,4.1969201427027585,0.979568,0.9705342986469269,0.914
PruMerge,VQAv2_MC,32,base_sanity,base,base,image,500,500,proj_out,layer,1000,500,0.07107962866882736,1.8646719585135578,0.901374,0.8214235858587611,0.614
PruMerge,VQAv2_MC,32,base_sanity,base,base,image,500,500,llm_image_l08,layer,1000,500,0.0862345457833726,1.7403556516308454,0.878798,0.7835687064926163,0.54
PruMerge,VQAv2_MC,32,base_sanity,base,base,image,500,500,llm_image_l16,layer,1000,500,0.10375398905470502,1.7302161289155484,0.888482,0.8003648159889831,0.604
PruMerge,VQAv2_MC,32,base_sanity,base,base,image,500,500,llm_image_l24,layer,1000,500,0.12460289757544524,1.9797259106505662,0.9264999999999999,0.8578385253217462,0.744
PruMerge,VQAv2_MC,32,base_sanity,base,base,image,500,500,llm_image_l32,layer,1000,500,0.13599336264515297,2.2743610593974593,0.91333,0.8500221231926548,0.642
PruMerge,VQAv2_MC,32,base_sanity,base,base,image,500,500,visual_trajectory,stage,1000,500,-0.024492243659388093,7.165702193591996,0.999984,0.9999679910873538,1.0
PruMerge,VQAv2_MC,32,base_sanity,base,base,image,500,500,projector_trajectory,stage,1000,500,0.03821279890758846,3.4362443996447563,0.9734700000000001,0.9517044851196053,0.898
PruMerge,VQAv2_MC,32,base_sanity,base,base,image,500,500,llm_trajectory,stage,1000,500,0.11919336176783019,2.007431054482224,0.9227280000000001,0.8490486115316516,0.714
PruMerge,VQAv2_MC,32,base_sanity,base,base,image,500,500,all_level_fused,fused,1000,500,0.04430463900534353,4.2031258825729925,0.9976780000000001,0.9950392806693311,0.998
PruMerge,VQAv2_MC,32,cage_unseen_base_dir,base,cage,image,500,500,vis_l06,layer,1000,500,-0.0006263028308749199,4.242179413795471,1.0,1.0,1.0
PruMerge,VQAv2_MC,32,cage_unseen_base_dir,base,cage,image,500,500,vis_l12,layer,1000,500,-0.06854044834419619,9.878375841140747,0.9999800000000001,0.9999603800124156,1.0
PruMerge,VQAv2_MC,32,cage_unseen_base_dir,base,cage,image,500,500,vis_l18,layer,1000,500,0.0445046712506155,6.208812078952789,0.999966,0.999931845764114,1.0
PruMerge,VQAv2_MC,32,cage_unseen_base_dir,base,cage,image,500,500,vis_l24,layer,1000,500,-0.05195011332305148,4.409961634039879,0.991824,0.9838392930641391,0.964
PruMerge,VQAv2_MC,32,cage_unseen_base_dir,base,cage,image,500,500,proj_in,layer,1000,500,-0.0036716126101091506,3.3153296990944074,0.9504360000000001,0.9311310066845286,0.82
PruMerge,VQAv2_MC,32,cage_unseen_base_dir,base,cage,image,500,500,proj_out,layer,1000,500,0.07107962866882736,1.3567440579691903,0.8107179999999999,0.7053926226417588,0.404
PruMerge,VQAv2_MC,32,cage_unseen_base_dir,base,cage,image,500,500,llm_image_l08,layer,1000,500,0.0862345457833726,1.7432561171063863,0.8573240000000001,0.7718371018439687,0.538
PruMerge,VQAv2_MC,32,cage_unseen_base_dir,base,cage,image,500,500,llm_image_l16,layer,1000,500,0.10375398905470502,1.7516932850033045,0.8706560000000001,0.7955563102799496,0.594
PruMerge,VQAv2_MC,32,cage_unseen_base_dir,base,cage,image,500,500,llm_image_l24,layer,1000,500,0.12460289757544524,2.0653215349540113,0.9199059999999999,0.861288990169346,0.732
PruMerge,VQAv2_MC,32,cage_unseen_base_dir,base,cage,image,500,500,llm_image_l32,layer,1000,500,0.13599336264515297,2.669012787247542,0.949866,0.9011291125852638,0.726
PruMerge,VQAv2_MC,32,cage_unseen_base_dir,base,cage,image,500,500,visual_trajectory,stage,1000,500,-0.024492243659388093,9.934947747028371,1.0,1.0,1.0
PruMerge,VQAv2_MC,32,cage_unseen_base_dir,base,cage,image,500,500,projector_trajectory,stage,1000,500,0.03821279890758846,2.648542991720648,0.94458,0.904186738622669,0.798
PruMerge,VQAv2_MC,32,cage_unseen_base_dir,base,cage,image,500,500,llm_trajectory,stage,1000,500,0.11919336176783019,2.1148192437328257,0.9219620000000001,0.8607704571023667,0.72
PruMerge,VQAv2_MC,32,cage_unseen_base_dir,base,cage,image,500,500,all_level_fused,fused,1000,500,0.04430463900534353,4.899436660827283,0.999254,0.9984144868697586,1.0
PruMerge,VQAv2_MC,32,caa_unseen_base_dir,base,caa,image,500,500,vis_l06,layer,1000,500,-0.0006263028308749199,1.8273777576573194,0.979544,0.9528123069467368,0.954
PruMerge,VQAv2_MC,32,caa_unseen_base_dir,base,caa,image,500,500,vis_l12,layer,1000,500,-0.06854044834419619,5.3765961736291645,0.976936,0.97696108835225,0.944
PruMerge,VQAv2_MC,32,caa_unseen_base_dir,base,caa,image,500,500,vis_l18,layer,1000,500,0.0445046712506155,3.191771186310798,0.979078,0.9670597545732849,0.898
PruMerge,VQAv2_MC,32,caa_unseen_base_dir,base,caa,image,500,500,vis_l24,layer,1000,500,-0.05195011332305148,1.7060905549749732,0.8679479999999999,0.7743982032728707,0.464
PruMerge,VQAv2_MC,32,caa_unseen_base_dir,base,caa,image,500,500,proj_in,layer,1000,500,-0.0036716126101091506,1.1345456487480552,0.744354,0.652136624135007,0.326
PruMerge,VQAv2_MC,32,caa_unseen_base_dir,base,caa,image,500,500,proj_out,layer,1000,500,0.07107962866882736,2.6835415667295455,0.9042939999999999,0.8521500897966854,0.666
PruMerge,VQAv2_MC,32,caa_unseen_base_dir,base,caa,image,500,500,llm_image_l08,layer,1000,500,0.0862345457833726,2.714385339296423,0.8941079999999999,0.8443054535935793,0.652
PruMerge,VQAv2_MC,32,caa_unseen_base_dir,base,caa,image,500,500,llm_image_l16,layer,1000,500,0.10375398905470502,2.4569514829106627,0.9097979999999999,0.8688179245573133,0.702
PruMerge,VQAv2_MC,32,caa_unseen_base_dir,base,caa,image,500,500,llm_image_l24,layer,1000,500,0.12460289757544524,2.5645587933436036,0.9260179999999998,0.8881614699469335,0.754
PruMerge,VQAv2_MC,32,caa_unseen_base_dir,base,caa,image,500,500,llm_image_l32,layer,1000,500,0.13599336264515297,2.5893765516774727,0.8800300000000001,0.8322619274162977,0.608
PruMerge,VQAv2_MC,32,caa_unseen_base_dir,base,caa,image,500,500,visual_trajectory,stage,1000,500,-0.024492243659388093,5.030000165827923,0.993498,0.9917146972637331,0.974
PruMerge,VQAv2_MC,32,caa_unseen_base_dir,base,caa,image,500,500,projector_trajectory,stage,1000,500,0.03821279890758846,2.1644281874891784,0.873162,0.8245358705498509,0.63
PruMerge,VQAv2_MC,32,caa_unseen_base_dir,base,caa,image,500,500,llm_trajectory,stage,1000,500,0.11919336176783019,2.694244273834782,0.919926,0.880711376302252,0.706
PruMerge,VQAv2_MC,32,caa_unseen_base_dir,base,caa,image,500,500,all_level_fused,fused,1000,500,0.04430463900534353,3.296224209050628,0.9821819999999999,0.9698791653837274,0.93
PruMerge,VQAv2_MC,32,fata_unseen_base_dir,base,fata,image,500,500,vis_l06,layer,1000,500,-0.0006263028308749199,4.0842633862495425,1.0,1.0,1.0
PruMerge,VQAv2_MC,32,fata_unseen_base_dir,base,fata,image,500,500,vis_l12,layer,1000,500,-0.06854044834419619,4.212209224432707,0.9854959999999999,0.9842204492560896,0.964
PruMerge,VQAv2_MC,32,fata_unseen_base_dir,base,fata,image,500,500,vis_l18,layer,1000,500,0.0445046712506155,1.872024602582678,0.911922,0.8287642037950301,0.546
PruMerge,VQAv2_MC,32,fata_unseen_base_dir,base,fata,image,500,500,vis_l24,layer,1000,500,-0.05195011332305148,0.9981118841953576,0.764278,0.61081990925084,0.254
PruMerge,VQAv2_MC,32,fata_unseen_base_dir,base,fata,image,500,500,proj_in,layer,1000,500,-0.0036716126101091506,1.0506100081945768,0.7478119999999999,0.6299925410474689,0.322
PruMerge,VQAv2_MC,32,fata_unseen_base_dir,base,fata,image,500,500,proj_out,layer,1000,500,0.07107962866882736,1.1397678769249469,0.7920400000000001,0.6629202292834648,0.356
PruMerge,VQAv2_MC,32,fata_unseen_base_dir,base,fata,image,500,500,llm_image_l08,layer,1000,500,0.0862345457833726,1.2208728688377888,0.795658,0.6666690166404499,0.378
PruMerge,VQAv2_MC,32,fata_unseen_base_dir,base,fata,image,500,500,llm_image_l16,layer,1000,500,0.10375398905470502,1.275352803546004,0.815744,0.6936082737972025,0.428
PruMerge,VQAv2_MC,32,fata_unseen_base_dir,base,fata,image,500,500,llm_image_l24,layer,1000,500,0.12460289757544524,1.4498964985255152,0.859318,0.7547397687344832,0.55
PruMerge,VQAv2_MC,32,fata_unseen_base_dir,base,fata,image,500,500,llm_image_l32,layer,1000,500,0.13599336264515297,1.3398389102816581,0.77367,0.664516119550962,0.372
PruMerge,VQAv2_MC,32,fata_unseen_base_dir,base,fata,image,500,500,visual_trajectory,stage,1000,500,-0.024492243659388093,4.197914388071382,0.998962,0.9977069881130217,1.0
PruMerge,VQAv2_MC,32,fata_unseen_base_dir,base,fata,image,500,500,projector_trajectory,stage,1000,500,0.03821279890758846,1.241699145004982,0.809974,0.6989249797307442,0.41
PruMerge,VQAv2_MC,32,fata_unseen_base_dir,base,fata,image,500,500,llm_trajectory,stage,1000,500,0.11919336176783019,1.406428852944408,0.842322,0.7295901991551094,0.49
PruMerge,VQAv2_MC,32,fata_unseen_base_dir,base,fata,image,500,500,all_level_fused,fused,1000,500,0.04430463900534353,2.28201412867359,0.97356,0.9362003487429824,0.89
PruMerge,VQAv2_MC,32,cage_aware,cage,cage,image,500,500,vis_l06,layer,1000,500,0.003444896012544632,4.37575734949112,1.0,1.0,1.0
PruMerge,VQAv2_MC,32,cage_aware,cage,cage,image,500,500,vis_l12,layer,1000,500,-0.083522816198878,10.389939099788666,0.999994,0.99998803187251,1.0
PruMerge,VQAv2_MC,32,cage_aware,cage,cage,image,500,500,vis_l18,layer,1000,500,0.15479806864721468,5.889329356193542,0.999234,0.9987520737086579,0.996
PruMerge,VQAv2_MC,32,cage_aware,cage,cage,image,500,500,vis_l24,layer,1000,500,-0.04596306592592737,9.252187996864318,0.999672,0.9993904154266469,0.998
PruMerge,VQAv2_MC,32,cage_aware,cage,cage,image,500,500,proj_in,layer,1000,500,-0.004708498876192607,10.173649891614915,0.9995820000000001,0.9991932088214531,0.998
PruMerge,VQAv2_MC,32,cage_aware,cage,cage,image,500,500,proj_out,layer,1000,500,0.13493755135242827,4.618168953450397,0.981862,0.9654565776076651,0.906
PruMerge,VQAv2_MC,32,cage_aware,cage,cage,image,500,500,llm_image_l08,layer,1000,500,0.13014345170160596,4.375339664306492,0.9733519999999999,0.9509125567673968,0.888
PruMerge,VQAv2_MC,32,cage_aware,cage,cage,image,500,500,llm_image_l16,layer,1000,500,0.16299506764597027,4.406508252441883,0.97844,0.9649534803045288,0.906
PruMerge,VQAv2_MC,32,cage_aware,cage,cage,image,500,500,llm_image_l24,layer,1000,500,0.18352096790760697,4.932217278271914,0.995152,0.9912583785043753,0.984
PruMerge,VQAv2_MC,32,cage_aware,cage,cage,image,500,500,llm_image_l32,layer,1000,500,0.14726544585009105,6.22169770526886,0.9986820000000001,0.9972106005133278,1.0
PruMerge,VQAv2_MC,32,cage_aware,cage,cage,image,500,500,visual_trajectory,stage,1000,500,0.024192087311498994,11.169857677899994,1.0,1.0,1.0
PruMerge,VQAv2_MC,32,cage_aware,cage,cage,image,500,500,projector_trajectory,stage,1000,500,0.07431332265949442,8.440737293068988,0.99915,0.9980317079158375,1.0
PruMerge,VQAv2_MC,32,cage_aware,cage,cage,image,500,500,llm_trajectory,stage,1000,500,0.17324470847475493,5.2261295595167105,0.994748,0.990204678921184,0.986
PruMerge,VQAv2_MC,32,cage_aware,cage,cage,image,500,500,all_level_fused,fused,1000,500,0.09058337281524945,8.278908176828566,0.99997,0.9999400742876531,1.0
PruMerge,VQAv2_MC,32,caa_aware,caa,caa,image,500,500,vis_l06,layer,1000,500,0.003164498289232142,4.098109962228685,0.994476,0.9945341476276677,0.988
PruMerge,VQAv2_MC,32,caa_aware,caa,caa,image,500,500,vis_l12,layer,1000,500,-0.0816318454311695,4.748418504193425,0.9533559999999999,0.9638495105703211,0.936
PruMerge,VQAv2_MC,32,caa_aware,caa,caa,image,500,500,vis_l18,layer,1000,500,0.166236369473394,3.746624456614256,0.9641660000000001,0.9497483345635075,0.86
PruMerge,VQAv2_MC,32,caa_aware,caa,caa,image,500,500,vis_l24,layer,1000,500,0.13948659663600846,3.5853685170933605,0.95839,0.9434598165437188,0.842
PruMerge,VQAv2_MC,32,caa_aware,caa,caa,image,500,500,proj_in,layer,1000,500,0.10677897004247643,3.5834784422414376,0.918576,0.8821047740124887,0.716
PruMerge,VQAv2_MC,32,caa_aware,caa,caa,image,500,500,proj_out,layer,1000,500,0.08129555890359916,3.148370727567002,0.9194580000000001,0.8773846940330624,0.75
PruMerge,VQAv2_MC,32,caa_aware,caa,caa,image,500,500,llm_image_l08,layer,1000,500,0.07015053766360506,3.18512825717777,0.9191560000000001,0.8783523319304507,0.746
PruMerge,VQAv2_MC,32,caa_aware,caa,caa,image,500,500,llm_image_l16,layer,1000,500,0.07802275524614379,2.7165861241184177,0.930398,0.8950558391780328,0.776
PruMerge,VQAv2_MC,32,caa_aware,caa,caa,image,500,500,llm_image_l24,layer,1000,500,0.10440115258272271,2.7077875274419783,0.935524,0.9026942036451302,0.786
PruMerge,VQAv2_MC,32,caa_aware,caa,caa,image,500,500,llm_image_l32,layer,1000,500,0.1698486060772557,3.332892566834111,0.921558,0.8819235263856462,0.694
PruMerge,VQAv2_MC,32,caa_aware,caa,caa,image,500,500,visual_trajectory,stage,1000,500,0.07567399239467847,5.987129433662177,0.9802719999999999,0.9792683091725921,0.952
PruMerge,VQAv2_MC,32,caa_aware,caa,caa,image,500,500,projector_trajectory,stage,1000,500,0.09796536021497954,3.50652519171102,0.9256260000000001,0.8889305230272047,0.75
PruMerge,VQAv2_MC,32,caa_aware,caa,caa,image,500,500,llm_trajectory,stage,1000,500,0.1041261459232742,2.9897391198986187,0.9354,0.9027674027955026,0.786
PruMerge,VQAv2_MC,32,caa_aware,caa,caa,image,500,500,all_level_fused,fused,1000,500,0.09258849951097742,4.1611312484239384,0.9762900000000001,0.967185035984801,0.936
PruMerge,VQAv2_MC,32,fata_aware,fata,fata,image,500,500,vis_l06,layer,1000,500,0.0011866656467318536,4.197573440074921,1.0,1.0,1.0
PruMerge,VQAv2_MC,32,fata_aware,fata,fata,image,500,500,vis_l12,layer,1000,500,0.0024275304563052486,4.701033934593201,0.998294,0.9962076695180568,1.0
PruMerge,VQAv2_MC,32,fata_aware,fata,fata,image,500,500,vis_l18,layer,1000,500,0.13675764927771525,1.42128439004533,0.83605,0.6672149498151316,0.284
PruMerge,VQAv2_MC,32,fata_aware,fata,fata,image,500,500,vis_l24,layer,1000,500,0.14413063635700382,1.3368399789230898,0.78828,0.7000731489756934,0.454
PruMerge,VQAv2_MC,32,fata_aware,fata,fata,image,500,500,proj_in,layer,1000,500,0.1428992595442105,1.6229606889579444,0.8301499999999999,0.7258103270419012,0.452
PruMerge,VQAv2_MC,32,fata_aware,fata,fata,image,500,500,proj_out,layer,1000,500,0.1165459938973654,1.2014977709422818,0.7738659999999999,0.6445622785920639,0.35
PruMerge,VQAv2_MC,32,fata_aware,fata,fata,image,500,500,llm_image_l08,layer,1000,500,0.11073503185226583,1.2520158574469387,0.782842,0.6521999902286125,0.36
PruMerge,VQAv2_MC,32,fata_aware,fata,fata,image,500,500,llm_image_l16,layer,1000,500,0.11162156127463095,1.2959285933244973,0.8163199999999999,0.6950645671175832,0.424
PruMerge,VQAv2_MC,32,fata_aware,fata,fata,image,500,500,llm_image_l24,layer,1000,500,0.12638260922243352,1.4290808755125617,0.8534,0.7490218549961114,0.548
PruMerge,VQAv2_MC,32,fata_aware,fata,fata,image,500,500,llm_image_l32,layer,1000,500,0.1266253871441586,1.6158619738852285,0.8372299999999999,0.7359948985008584,0.466
PruMerge,VQAv2_MC,32,fata_aware,fata,fata,image,500,500,visual_trajectory,stage,1000,500,0.09095638229060063,3.8167695723995494,0.9961679999999999,0.9910492175728673,0.996
PruMerge,VQAv2_MC,32,fata_aware,fata,fata,image,500,500,projector_trajectory,stage,1000,500,0.1349514905730304,1.4691534149583216,0.814948,0.699625781437887,0.41
PruMerge,VQAv2_MC,32,fata_aware,fata,fata,image,500,500,llm_trajectory,stage,1000,500,0.12266853706587016,1.4303180318989404,0.8452599999999999,0.7361390381746186,0.516
PruMerge,VQAv2_MC,32,fata_aware,fata,fata,image,500,500,all_level_fused,fused,1000,500,0.11619213664316708,2.238747006418937,0.964336,0.9165289893404202,0.84
PruMerge,VQAv2_Open,64,base_sanity,base,base,image,500,500,vis_l06,layer,1000,500,-0.030564530553296207,4.09321031332016,0.9999540000000001,0.9999096191075737,1.0
PruMerge,VQAv2_Open,64,base_sanity,base,base,image,500,500,vis_l12,layer,1000,500,-0.07389183769118972,6.574615071058274,0.9968039999999999,0.9950178865733744,0.978
PruMerge,VQAv2_Open,64,base_sanity,base,base,image,500,500,vis_l18,layer,1000,500,0.00246651144977659,3.4323364458084105,0.9915999999999999,0.9826550380001913,0.968
PruMerge,VQAv2_Open,64,base_sanity,base,base,image,500,500,vis_l24,layer,1000,500,0.026713922711322086,4.640015334263444,0.991204,0.9813563624138383,0.978
PruMerge,VQAv2_Open,64,base_sanity,base,base,image,500,500,proj_in,layer,1000,500,0.04694845647944021,4.958961920559406,0.9901679999999999,0.9819879422450108,0.968
PruMerge,VQAv2_Open,64,base_sanity,base,base,image,500,500,proj_out,layer,1000,500,-0.1577965755140176,2.509118769571185,0.9351339999999999,0.8981349596178768,0.7
PruMerge,VQAv2_Open,64,base_sanity,base,base,image,500,500,llm_image_l08,layer,1000,500,-0.1824009056480136,2.2813235670054564,0.9216440000000001,0.874965902822004,0.644
PruMerge,VQAv2_Open,64,base_sanity,base,base,image,500,500,llm_image_l16,layer,1000,500,-0.21824792455474382,2.1061077054180206,0.92788,0.8844313104632406,0.708
PruMerge,VQAv2_Open,64,base_sanity,base,base,image,500,500,llm_image_l24,layer,1000,500,-0.1760831449283287,2.5348617187812925,0.9543200000000001,0.9265477953471661,0.822
PruMerge,VQAv2_Open,64,base_sanity,base,base,image,500,500,llm_image_l32,layer,1000,500,-0.15996955405909102,2.6520505442302675,0.942418,0.9017120659727588,0.698
PruMerge,VQAv2_Open,64,base_sanity,base,base,image,500,500,visual_trajectory,stage,1000,500,-0.036817871056919214,7.214718220999808,0.999834,0.9996734740499416,1.0
PruMerge,VQAv2_Open,64,base_sanity,base,base,image,500,500,projector_trajectory,stage,1000,500,-0.0656189059276812,4.420890016431231,0.9873320000000001,0.9787105557573627,0.944
PruMerge,VQAv2_Open,64,base_sanity,base,base,image,500,500,llm_trajectory,stage,1000,500,-0.20388729097274505,2.5625448816984027,0.953598,0.9234514386450595,0.798
PruMerge,VQAv2_Open,64,base_sanity,base,base,image,500,500,all_level_fused,fused,1000,500,-0.10210802265244849,4.732717706376481,0.99774,0.9958957101688553,0.992
PruMerge,VQAv2_Open,64,cage_unseen_base_dir,base,cage,image,500,500,vis_l06,layer,1000,500,-0.030564530553296207,4.15881292629242,0.999968,0.99993631809271,1.0
PruMerge,VQAv2_Open,64,cage_unseen_base_dir,base,cage,image,500,500,vis_l12,layer,1000,500,-0.07389183769118972,8.958492369174957,0.999674,0.999410675941438,0.998
PruMerge,VQAv2_Open,64,cage_unseen_base_dir,base,cage,image,500,500,vis_l18,layer,1000,500,0.00246651144977659,6.166419074058533,0.9999879999999999,0.9999761193793415,1.0
PruMerge,VQAv2_Open,64,cage_unseen_base_dir,base,cage,image,500,500,vis_l24,layer,1000,500,0.026713922711322086,4.815322431564331,0.9946059999999999,0.9865227186393819,0.99
PruMerge,VQAv2_Open,64,cage_unseen_base_dir,base,cage,image,500,500,proj_in,layer,1000,500,0.04694845647944021,3.8178062509447335,0.9772080000000001,0.960177838449659,0.916
PruMerge,VQAv2_Open,64,cage_unseen_base_dir,base,cage,image,500,500,proj_out,layer,1000,500,-0.1577965755140176,1.2025761339394376,0.79691,0.6817898729082688,0.324
PruMerge,VQAv2_Open,64,cage_unseen_base_dir,base,cage,image,500,500,llm_image_l08,layer,1000,500,-0.1824009056480136,1.8315233522448688,0.8820279999999999,0.8106073457163026,0.486
PruMerge,VQAv2_Open,64,cage_unseen_base_dir,base,cage,image,500,500,llm_image_l16,layer,1000,500,-0.21824792455474382,1.9988258060645312,0.909892,0.8607214607962738,0.63
PruMerge,VQAv2_Open,64,cage_unseen_base_dir,base,cage,image,500,500,llm_image_l24,layer,1000,500,-0.1760831449283287,2.7146726596895605,0.9572519999999999,0.9344382326734243,0.838
PruMerge,VQAv2_Open,64,cage_unseen_base_dir,base,cage,image,500,500,llm_image_l32,layer,1000,500,-0.15996955405909102,3.5961599674224853,0.986208,0.9744235968283498,0.926
PruMerge,VQAv2_Open,64,cage_unseen_base_dir,base,cage,image,500,500,visual_trajectory,stage,1000,500,-0.036817871056919214,9.844106843412167,1.0,1.0,1.0
PruMerge,VQAv2_Open,64,cage_unseen_base_dir,base,cage,image,500,500,projector_trajectory,stage,1000,500,-0.0656189059276812,2.9719226805128858,0.951378,0.9237175103203147,0.808
PruMerge,VQAv2_Open,64,cage_unseen_base_dir,base,cage,image,500,500,llm_trajectory,stage,1000,500,-0.20388729097274505,2.6778013926868214,0.9583819999999998,0.9315641766682374,0.832
PruMerge,VQAv2_Open,64,cage_unseen_base_dir,base,cage,image,500,500,all_level_fused,fused,1000,500,-0.10210802265244849,5.164610305537291,0.999194,0.9984559456107918,0.998
PruMerge,VQAv2_Open,64,caa_unseen_base_dir,base,caa,image,500,500,vis_l06,layer,1000,500,-0.030564530553296207,1.741044338002801,0.970282,0.9395569019935226,0.932
PruMerge,VQAv2_Open,64,caa_unseen_base_dir,base,caa,image,500,500,vis_l12,layer,1000,500,-0.07389183769118972,4.906261171817779,0.9706079999999999,0.9761665307013558,0.954
PruMerge,VQAv2_Open,64,caa_unseen_base_dir,base,caa,image,500,500,vis_l18,layer,1000,500,0.00246651144977659,3.0723140586134976,0.973258,0.9596383203488807,0.914
PruMerge,VQAv2_Open,64,caa_unseen_base_dir,base,caa,image,500,500,vis_l24,layer,1000,500,0.026713922711322086,1.462336811109504,0.8099259999999999,0.7194238431384534,0.482
PruMerge,VQAv2_Open,64,caa_unseen_base_dir,base,caa,image,500,500,proj_in,layer,1000,500,0.04694845647944021,0.9077574683560524,0.69448,0.583283343396146,0.298
PruMerge,VQAv2_Open,64,caa_unseen_base_dir,base,caa,image,500,500,proj_out,layer,1000,500,-0.1577965755140176,3.1560943882558496,0.908776,0.889313201884882,0.722
PruMerge,VQAv2_Open,64,caa_unseen_base_dir,base,caa,image,500,500,llm_image_l08,layer,1000,500,-0.1824009056480136,3.1872642211113127,0.904198,0.883215697224756,0.712
PruMerge,VQAv2_Open,64,caa_unseen_base_dir,base,caa,image,500,500,llm_image_l16,layer,1000,500,-0.21824792455474382,2.7486190161898265,0.912932,0.894741274606342,0.752
PruMerge,VQAv2_Open,64,caa_unseen_base_dir,base,caa,image,500,500,llm_image_l24,layer,1000,500,-0.1760831449283287,3.0115571528379808,0.927162,0.9108696669483035,0.794
PruMerge,VQAv2_Open,64,caa_unseen_base_dir,base,caa,image,500,500,llm_image_l32,layer,1000,500,-0.15996955405909102,2.600606254251674,0.8910159999999999,0.8455177275546932,0.604
PruMerge,VQAv2_Open,64,caa_unseen_base_dir,base,caa,image,500,500,visual_trajectory,stage,1000,500,-0.036817871056919214,4.808752836582078,0.9824719999999999,0.980445053640818,0.958
PruMerge,VQAv2_Open,64,caa_unseen_base_dir,base,caa,image,500,500,projector_trajectory,stage,1000,500,-0.0656189059276812,2.405683986673653,0.873246,0.8391695712105909,0.636
PruMerge,VQAv2_Open,64,caa_unseen_base_dir,base,caa,image,500,500,llm_trajectory,stage,1000,500,-0.20388729097274505,3.120092950336052,0.922578,0.9048434221890543,0.78
PruMerge,VQAv2_Open,64,caa_unseen_base_dir,base,caa,image,500,500,all_level_fused,fused,1000,500,-0.10210802265244849,3.4448432578639276,0.9625379999999999,0.9527920829212029,0.88
PruMerge,VQAv2_Open,64,fata_unseen_base_dir,base,fata,image,500,500,vis_l06,layer,1000,500,-0.030564530553296207,4.007890248060226,0.99996,0.9999205377931843,1.0
PruMerge,VQAv2_Open,64,fata_unseen_base_dir,base,fata,image,500,500,vis_l12,layer,1000,500,-0.07389183769118972,3.8477938774228098,0.971746,0.9750580363997503,0.958
PruMerge,VQAv2_Open,64,fata_unseen_base_dir,base,fata,image,500,500,vis_l18,layer,1000,500,0.00246651144977659,1.7490471244584769,0.908172,0.8109493326155732,0.526
PruMerge,VQAv2_Open,64,fata_unseen_base_dir,base,fata,image,500,500,vis_l24,layer,1000,500,0.026713922711322086,1.0348861015028232,0.743594,0.6198250973517196,0.336
PruMerge,VQAv2_Open,64,fata_unseen_base_dir,base,fata,image,500,500,proj_in,layer,1000,500,0.04694845647944021,1.1002091894383774,0.7377799999999999,0.6322649782061975,0.342
PruMerge,VQAv2_Open,64,fata_unseen_base_dir,base,fata,image,500,500,proj_out,layer,1000,500,-0.1577965755140176,1.2271852841954678,0.788962,0.687048983350337,0.34
PruMerge,VQAv2_Open,64,fata_unseen_base_dir,base,fata,image,500,500,llm_image_l08,layer,1000,500,-0.1824009056480136,1.3245933407470585,0.802704,0.7083564235259739,0.354
PruMerge,VQAv2_Open,64,fata_unseen_base_dir,base,fata,image,500,500,llm_image_l16,layer,1000,500,-0.21824792455474382,1.2955073451660573,0.8170259999999999,0.7304992682674996,0.424
PruMerge,VQAv2_Open,64,fata_unseen_base_dir,base,fata,image,500,500,llm_image_l24,layer,1000,500,-0.1760831449283287,1.5956430194145068,0.8535709999999999,0.780507292081191,0.524
PruMerge,VQAv2_Open,64,fata_unseen_base_dir,base,fata,image,500,500,llm_image_l32,layer,1000,500,-0.15996955405909102,1.3551815620053094,0.818698,0.7151697329045734,0.362
PruMerge,VQAv2_Open,64,fata_unseen_base_dir,base,fata,image,500,500,visual_trajectory,stage,1000,500,-0.036817871056919214,4.074892950259062,0.991946,0.9843171612084339,0.982
PruMerge,VQAv2_Open,64,fata_unseen_base_dir,base,fata,image,500,500,projector_trajectory,stage,1000,500,-0.0656189059276812,1.3777509187965828,0.807712,0.7011926301217007,0.376
PruMerge,VQAv2_Open,64,fata_unseen_base_dir,base,fata,image,500,500,llm_trajectory,stage,1000,500,-0.20388729097274505,1.5254288608224356,0.8445360000000002,0.7636726727230468,0.482
PruMerge,VQAv2_Open,64,fata_unseen_base_dir,base,fata,image,500,500,all_level_fused,fused,1000,500,-0.10210802265244849,2.3260242432926934,0.956076,0.9159439588417133,0.796
PruMerge,VQAv2_Open,64,cage_aware,cage,cage,image,500,500,vis_l06,layer,1000,500,-0.027651973482221363,4.242027394294738,0.9998900000000001,0.9997850814732596,1.0
PruMerge,VQAv2_Open,64,cage_aware,cage,cage,image,500,500,vis_l12,layer,1000,500,-0.06835233813594095,9.108889880657197,0.999918,0.999837661925254,1.0
PruMerge,VQAv2_Open,64,cage_aware,cage,cage,image,500,500,vis_l18,layer,1000,500,0.0323080265012104,5.624087648391724,0.999506,0.9991101631395495,0.996
PruMerge,VQAv2_Open,64,cage_aware,cage,cage,image,500,500,vis_l24,layer,1000,500,0.17176541433366946,8.871827966213226,0.999772,0.9995345126465529,1.0
PruMerge,VQAv2_Open,64,cage_aware,cage,cage,image,500,500,proj_in,layer,1000,500,0.1458643845565384,11.149119904518127,0.999864,0.9997319318489369,1.0
PruMerge,VQAv2_Open,64,cage_aware,cage,cage,image,500,500,proj_out,layer,1000,500,0.06116448272112757,5.605747620820999,0.9977659999999999,0.9960307101094007,0.988
PruMerge,VQAv2_Open,64,cage_aware,cage,cage,image,500,500,llm_image_l08,layer,1000,500,0.015251948232529684,5.7580940384864805,0.99827,0.9968856271974862,0.988
PruMerge,VQAv2_Open,64,cage_aware,cage,cage,image,500,500,llm_image_l16,layer,1000,500,-0.03706728454655968,5.577889782428741,0.99895,0.998114464651526,0.992
PruMerge,VQAv2_Open,64,cage_aware,cage,cage,image,500,500,llm_image_l24,layer,1000,500,0.0687632724433206,6.478576739549637,0.9997860000000001,0.9996035953533773,1.0
PruMerge,VQAv2_Open,64,cage_aware,cage,cage,image,500,500,llm_image_l32,layer,1000,500,0.02170729969916283,7.521895477771759,0.9996,0.9992108863931355,1.0
PruMerge,VQAv2_Open,64,cage_aware,cage,cage,image,500,500,visual_trajectory,stage,1000,500,0.017409042088452124,10.291922015245644,1.0,1.0,1.0
PruMerge,VQAv2_Open,64,cage_aware,cage,cage,image,500,500,projector_trajectory,stage,1000,500,0.12252366643651229,9.915853386166534,0.999966,0.999932211571062,1.0
PruMerge,VQAv2_Open,64,cage_aware,cage,cage,image,500,500,llm_trajectory,stage,1000,500,0.017972058807321944,6.696755686912843,0.99983,0.9996821518176857,1.0
PruMerge,VQAv2_Open,64,cage_aware,cage,cage,image,500,500,all_level_fused,fused,1000,500,0.052634922444095435,8.968177029441673,1.0,1.0,1.0
PruMerge,VQAv2_Open,64,caa_aware,caa,caa,image,500,500,vis_l06,layer,1000,500,-0.0020751395563129334,3.9760837601423265,0.9830339999999999,0.9850739783506024,0.972
PruMerge,VQAv2_Open,64,caa_aware,caa,caa,image,500,500,vis_l12,layer,1000,500,-0.0657681511124174,4.264423431515693,0.960038,0.9693201882792245,0.944
PruMerge,VQAv2_Open,64,caa_aware,caa,caa,image,500,500,vis_l18,layer,1000,500,-0.13841001245810183,3.598523699194193,0.9497199999999999,0.9405209118356408,0.87
PruMerge,VQAv2_Open,64,caa_aware,caa,caa,image,500,500,vis_l24,layer,1000,500,-0.19807941672578455,3.393480969117023,0.930956,0.9163995340528978,0.78
PruMerge,VQAv2_Open,64,caa_aware,caa,caa,image,500,500,proj_in,layer,1000,500,-0.1491949467541708,3.481089407611638,0.9089599999999999,0.8961747063613714,0.734
PruMerge,VQAv2_Open,64,caa_aware,caa,caa,image,500,500,proj_out,layer,1000,500,-0.16072049147076906,3.3930690007242372,0.9127040000000001,0.8966531011350403,0.71
PruMerge,VQAv2_Open,64,caa_aware,caa,caa,image,500,500,llm_image_l08,layer,1000,500,-0.17170236497966107,3.4423413853272797,0.9105379999999998,0.8951254177884123,0.73
PruMerge,VQAv2_Open,64,caa_aware,caa,caa,image,500,500,llm_image_l16,layer,1000,500,-0.21278002520650624,2.808834799747914,0.9192699999999999,0.9064380748147064,0.768
PruMerge,VQAv2_Open,64,caa_aware,caa,caa,image,500,500,llm_image_l24,layer,1000,500,-0.19617207044549287,2.8376815218031406,0.9246840000000001,0.9106069819599931,0.778
PruMerge,VQAv2_Open,64,caa_aware,caa,caa,image,500,500,llm_image_l32,layer,1000,500,-0.20600081702973694,3.5206044484004377,0.926372,0.8971521832610736,0.718
PruMerge,VQAv2_Open,64,caa_aware,caa,caa,image,500,500,visual_trajectory,stage,1000,500,-0.15148220443822222,5.749364902172923,0.9653239999999998,0.9692276477837307,0.94
PruMerge,VQAv2_Open,64,caa_aware,caa,caa,image,500,500,projector_trajectory,stage,1000,500,-0.16492525414039344,3.658166724861373,0.9151559999999999,0.9043533261769721,0.742
PruMerge,VQAv2_Open,64,caa_aware,caa,caa,image,500,500,llm_trajectory,stage,1000,500,-0.20758401841372318,3.169643903913602,0.9253680000000001,0.9116966417023411,0.784
PruMerge,VQAv2_Open,64,caa_aware,caa,caa,image,500,500,all_level_fused,fused,1000,500,-0.17466382566411295,4.1923918436493,0.953402,0.9529569694588844,0.888
PruMerge,VQAv2_Open,64,fata_aware,fata,fata,image,500,500,vis_l06,layer,1000,500,-0.025464978888630866,4.156548258304596,0.9999859999999999,0.9999721349361588,1.0
PruMerge,VQAv2_Open,64,fata_aware,fata,fata,image,500,500,vis_l12,layer,1000,500,-0.06397891649891972,4.576402974605561,0.99492,0.9786814792325428,1.0
PruMerge,VQAv2_Open,64,fata_aware,fata,fata,image,500,500,vis_l18,layer,1000,500,-0.07009672287059948,1.1788356538955123,0.8455440000000001,0.674436704402957,0.324
PruMerge,VQAv2_Open,64,fata_aware,fata,fata,image,500,500,vis_l24,layer,1000,500,-0.17595935712801292,1.1460202173794969,0.764304,0.6714217454654527,0.346
PruMerge,VQAv2_Open,64,fata_aware,fata,fata,image,500,500,proj_in,layer,1000,500,-0.15069101253640838,1.4650369619235861,0.8080320000000001,0.7376216847959393,0.422
PruMerge,VQAv2_Open,64,fata_aware,fata,fata,image,500,500,proj_out,layer,1000,500,-0.13979735023994,1.1277568023372442,0.76776,0.6648054133709952,0.266
PruMerge,VQAv2_Open,64,fata_aware,fata,fata,image,500,500,llm_image_l08,layer,1000,500,-0.16989985206676647,1.2362825589310378,0.780828,0.6884830251015199,0.362
PruMerge,VQAv2_Open,64,fata_aware,fata,fata,image,500,500,llm_image_l16,layer,1000,500,-0.22864549316372723,1.2355865550553427,0.8073779999999999,0.7256605921585302,0.432
PruMerge,VQAv2_Open,64,fata_aware,fata,fata,image,500,500,llm_image_l24,layer,1000,500,-0.20003444769547787,1.4026949785351752,0.834482,0.7617223509925243,0.468
PruMerge,VQAv2_Open,64,fata_aware,fata,fata,image,500,500,llm_image_l32,layer,1000,500,-0.16129531355528162,1.7730640925634653,0.873566,0.7809327499608943,0.456
PruMerge,VQAv2_Open,64,fata_aware,fata,fata,image,500,500,visual_trajectory,stage,1000,500,-0.10042535248161033,3.5957066263305024,0.994236,0.9791354950516392,1.0
PruMerge,VQAv2_Open,64,fata_aware,fata,fata,image,500,500,projector_trajectory,stage,1000,500,-0.15345183637540058,1.369655406848402,0.798424,0.7180588120713506,0.4
PruMerge,VQAv2_Open,64,fata_aware,fata,fata,image,500,500,llm_trajectory,stage,1000,500,-0.20738811254908,1.4457884816159425,0.837208,0.7592660096980264,0.448
PruMerge,VQAv2_Open,64,fata_aware,fata,fata,image,500,500,all_level_fused,fused,1000,500,-0.15375510046869695,2.137050171598282,0.9498979999999999,0.91075500822325,0.738
VisPruner,ScienceQA_MC,32,base_sanity,base,base,image,500,500,vis_l06,layer,1000,500,-0.003732591339328792,3.233244236946106,0.9982719999999999,0.9967504609557716,0.994
VisPruner,ScienceQA_MC,32,base_sanity,base,base,image,500,500,vis_l12,layer,1000,500,0.02001678276329767,4.486126590974629,0.995016,0.9909591876108521,0.99
VisPruner,ScienceQA_MC,32,base_sanity,base,base,image,500,500,vis_l18,layer,1000,500,0.003010774973779917,1.957409671470523,0.9058339999999999,0.8168465995010287,0.504
VisPruner,ScienceQA_MC,32,base_sanity,base,base,image,500,500,vis_l24,layer,1000,500,-0.01513033684680704,3.7347524046599867,0.979944,0.9681093084091184,0.906
VisPruner,ScienceQA_MC,32,base_sanity,base,base,image,500,500,proj_in,layer,1000,500,-0.007366621371242218,3.6362982506155967,0.966404,0.9483750646142275,0.862
VisPruner,ScienceQA_MC,32,base_sanity,base,base,image,500,500,proj_out,layer,1000,500,0.005417625343136024,2.064462817088235,0.888058,0.835119077960663,0.632
VisPruner,ScienceQA_MC,32,base_sanity,base,base,image,500,500,llm_image_l08,layer,1000,500,-0.010090887768921674,2.031810899659991,0.901894,0.8379619240395335,0.588
VisPruner,ScienceQA_MC,32,base_sanity,base,base,image,500,500,llm_image_l16,layer,1000,500,-0.06248282733222004,1.891713673631777,0.913462,0.8414743683631785,0.584
VisPruner,ScienceQA_MC,32,base_sanity,base,base,image,500,500,llm_image_l24,layer,1000,500,-0.03995304428972304,2.517288076918572,0.957302,0.9245843879871752,0.77
VisPruner,ScienceQA_MC,32,base_sanity,base,base,image,500,500,llm_image_l32,layer,1000,500,-0.05353966713041882,1.9417728233430536,0.8808039999999999,0.8049332735882175,0.544
VisPruner,ScienceQA_MC,32,base_sanity,base,base,image,500,500,visual_trajectory,stage,1000,500,0.007487558017921629,5.467226388403708,0.9987180000000001,0.9973436053413159,0.998
VisPruner,ScienceQA_MC,32,base_sanity,base,base,image,500,500,projector_trajectory,stage,1000,500,-0.0010635950467761468,3.110971728768889,0.9484239999999999,0.9223108417513943,0.798
VisPruner,ScienceQA_MC,32,base_sanity,base,base,image,500,500,llm_trajectory,stage,1000,500,-0.05055485442289232,2.4084595288848933,0.9475,0.9085219291101166,0.716
VisPruner,ScienceQA_MC,32,base_sanity,base,base,image,500,500,all_level_fused,fused,1000,500,-0.014710297150582292,3.6622192153524966,0.9975860000000001,0.995532355339902,0.992
VisPruner,ScienceQA_MC,32,cage_unseen_base_dir,base,cage,image,500,500,vis_l06,layer,1000,500,-0.003732591339328792,3.4100588204860687,0.99894,0.9980940546379922,0.994
VisPruner,ScienceQA_MC,32,cage_unseen_base_dir,base,cage,image,500,500,vis_l12,layer,1000,500,0.02001678276329767,6.025264906585217,0.99873,0.9981409396183454,0.998
VisPruner,ScienceQA_MC,32,cage_unseen_base_dir,base,cage,image,500,500,vis_l18,layer,1000,500,0.003010774973779917,2.673230935961008,0.954198,0.9087876279918886,0.652
VisPruner,ScienceQA_MC,32,cage_unseen_base_dir,base,cage,image,500,500,vis_l24,layer,1000,500,-0.01513033684680704,2.4854750919938087,0.9783040000000001,0.9484669248683497,0.894
VisPruner,ScienceQA_MC,32,cage_unseen_base_dir,base,cage,image,500,500,proj_in,layer,1000,500,-0.007366621371242218,0.8879959978680126,0.684612,0.6088939925072518,0.322
VisPruner,ScienceQA_MC,32,cage_unseen_base_dir,base,cage,image,500,500,proj_out,layer,1000,500,0.005417625343136024,0.1108238784018904,0.5269520000000001,0.37769135791657305,0.094
VisPruner,ScienceQA_MC,32,cage_unseen_base_dir,base,cage,image,500,500,llm_image_l08,layer,1000,500,-0.010090887768921674,-0.180211329291109,0.43528599999999995,0.3288670956497005,0.054
VisPruner,ScienceQA_MC,32,cage_unseen_base_dir,base,cage,image,500,500,llm_image_l16,layer,1000,500,-0.06248282733222004,0.4510380297675729,0.628346,0.47303426695404577,0.13
VisPruner,ScienceQA_MC,32,cage_unseen_base_dir,base,cage,image,500,500,llm_image_l24,layer,1000,500,-0.03995304428972304,1.5760896916312923,0.85728,0.7665099664463948,0.452
VisPruner,ScienceQA_MC,32,cage_unseen_base_dir,base,cage,image,500,500,llm_image_l32,layer,1000,500,-0.05353966713041882,1.610374005511403,0.8661559999999999,0.7440424169396302,0.388
VisPruner,ScienceQA_MC,32,cage_unseen_base_dir,base,cage,image,500,500,visual_trajectory,stage,1000,500,0.007487558017921629,6.413753057607093,0.9998800000000001,0.9997581229559562,1.0
VisPruner,ScienceQA_MC,32,cage_unseen_base_dir,base,cage,image,500,500,projector_trajectory,stage,1000,500,-0.0010635950467761468,0.545067638482646,0.624598,0.516301190300064,0.212
VisPruner,ScienceQA_MC,32,cage_unseen_base_dir,base,cage,image,500,500,llm_trajectory,stage,1000,500,-0.05055485442289232,1.0326317522023472,0.7647120000000001,0.6276270533606951,0.262
VisPruner,ScienceQA_MC,32,cage_unseen_base_dir,base,cage,image,500,500,all_level_fused,fused,1000,500,-0.014710297150582292,2.6638174827640286,0.9877859999999999,0.975648922581968,0.924
VisPruner,ScienceQA_MC,32,caa_unseen_base_dir,base,caa,image,500,496,vis_l06,layer,992,496,-0.0045624927611389735,1.0569006818789808,0.8067991512747137,0.6489057600687413,0.18951612903225806
VisPruner,ScienceQA_MC,32,caa_unseen_base_dir,base,caa,image,500,496,vis_l12,layer,992,496,0.013224726140775132,3.1627777912857007,0.9514828303850156,0.9340702575881592,0.8689516129032258
VisPruner,ScienceQA_MC,32,caa_unseen_base_dir,base,caa,image,500,496,vis_l18,layer,992,496,0.007380845387571401,1.4518324967563874,0.8590803037200833,0.6915065896630124,0.31451612903225806
VisPruner,ScienceQA_MC,32,caa_unseen_base_dir,base,caa,image,500,496,vis_l24,layer,992,496,-0.007642562827494394,1.1764235542683426,0.7871439255983351,0.6765591013561163,0.3911290322580645
VisPruner,ScienceQA_MC,32,caa_unseen_base_dir,base,caa,image,500,496,proj_in,layer,992,496,-0.00962830838268987,-0.43824805924809734,0.4135056256503642,0.2979395098985756,0.034274193548387094
VisPruner,ScienceQA_MC,32,caa_unseen_base_dir,base,caa,image,500,496,proj_out,layer,992,496,0.004249168744096214,0.2929991811331767,0.5936402510405827,0.3999431074313859,0.07459677419354839
VisPruner,ScienceQA_MC,32,caa_unseen_base_dir,base,caa,image,500,496,llm_image_l08,layer,992,496,-0.009951178285166774,0.4030081836390309,0.6113179630593133,0.44229871061116727,0.125
VisPruner,ScienceQA_MC,32,caa_unseen_base_dir,base,caa,image,500,496,llm_image_l16,layer,992,496,-0.05956727399567289,0.41724206979176504,0.6323714717741936,0.4539834371512666,0.125
VisPruner,ScienceQA_MC,32,caa_unseen_base_dir,base,caa,image,500,496,llm_image_l24,layer,992,496,-0.041752176101351415,0.4254963865910653,0.6442751690946931,0.4467552265219405,0.11290322580645161
VisPruner,ScienceQA_MC,32,caa_unseen_base_dir,base,caa,image,500,496,llm_image_l32,layer,992,496,-0.05306557080266136,0.4716024772932278,0.6513743008584807,0.44539508178801457,0.09879032258064516
VisPruner,ScienceQA_MC,32,caa_unseen_base_dir,base,caa,image,500,496,visual_trajectory,stage,992,496,0.00798702759087659,3.156288553254407,0.9701360887096775,0.9371188562227721,0.8830645161290323
VisPruner,ScienceQA_MC,32,caa_unseen_base_dir,base,caa,image,500,496,projector_trajectory,stage,992,496,-0.0029354643794793304,-0.0792640102825013,0.48110488748699276,0.3333526450989017,0.046370967741935484
VisPruner,ScienceQA_MC,32,caa_unseen_base_dir,base,caa,image,500,496,llm_trajectory,stage,992,496,-0.05001887413865596,0.4820251992963269,0.6529961465920916,0.4654988671848169,0.12096774193548387
VisPruner,ScienceQA_MC,32,caa_unseen_base_dir,base,caa,image,500,496,all_level_fused,fused,992,496,-0.014989103642419569,1.186349914089411,0.8905010243236213,0.760798736423054,0.3548387096774194
VisPruner,ScienceQA_MC,32,fata_unseen_base_dir,base,fata,image,500,500,vis_l06,layer,1000,500,-0.003732591339328792,3.1267468540668486,0.9976,0.9954356796435075,0.988
VisPruner,ScienceQA_MC,32,fata_unseen_base_dir,base,fata,image,500,500,vis_l12,layer,1000,500,0.02001678276329767,3.0359812271595,0.972756,0.9511241454915934,0.92
VisPruner,ScienceQA_MC,32,fata_unseen_base_dir,base,fata,image,500,500,vis_l18,layer,1000,500,0.003010774973779917,1.1413064066320657,0.800546,0.6052550905453541,0.29
VisPruner,ScienceQA_MC,32,fata_unseen_base_dir,base,fata,image,500,500,vis_l24,layer,1000,500,-0.01513033684680704,0.906248619990889,0.75198,0.5827838865004324,0.246
VisPruner,ScienceQA_MC,32,fata_unseen_base_dir,base,fata,image,500,500,proj_in,layer,1000,500,-0.007366621371242218,0.9474286923007458,0.750212,0.5969063965647613,0.234
VisPruner,ScienceQA_MC,32,fata_unseen_base_dir,base,fata,image,500,500,proj_out,layer,1000,500,0.005417625343136024,0.9062235474750633,0.742486,0.5882701920148918,0.25
VisPruner,ScienceQA_MC,32,fata_unseen_base_dir,base,fata,image,500,500,llm_image_l08,layer,1000,500,-0.010090887768921674,1.157691690022126,0.7854079999999999,0.6544734505829591,0.302
VisPruner,ScienceQA_MC,32,fata_unseen_base_dir,base,fata,image,500,500,llm_image_l16,layer,1000,500,-0.06248282733222004,0.9908270741868764,0.783062,0.61075747894873,0.224
VisPruner,ScienceQA_MC,32,fata_unseen_base_dir,base,fata,image,500,500,llm_image_l24,layer,1000,500,-0.03995304428972304,1.3068335214264226,0.85126,0.7137549852790849,0.362
VisPruner,ScienceQA_MC,32,fata_unseen_base_dir,base,fata,image,500,500,llm_image_l32,layer,1000,500,-0.05353966713041882,0.6946468838336878,0.709744,0.5030978432276279,0.12
VisPruner,ScienceQA_MC,32,fata_unseen_base_dir,base,fata,image,500,500,visual_trajectory,stage,1000,500,0.007487558017921629,3.4110006432681748,0.9853820000000001,0.9607193864920125,0.968
VisPruner,ScienceQA_MC,32,fata_unseen_base_dir,base,fata,image,500,500,projector_trajectory,stage,1000,500,-0.0010635950467761468,1.0115596188640392,0.767594,0.6163836009450797,0.248
VisPruner,ScienceQA_MC,32,fata_unseen_base_dir,base,fata,image,500,500,llm_trajectory,stage,1000,500,-0.05055485442289232,1.213995368296908,0.83283,0.6776547599142285,0.294
VisPruner,ScienceQA_MC,32,fata_unseen_base_dir,base,fata,image,500,500,all_level_fused,fused,1000,500,-0.014710297150582292,1.8788518768097073,0.9655900000000001,0.9209571330545155,0.76
VisPruner,ScienceQA_MC,32,cage_aware,cage,cage,image,500,500,vis_l06,layer,1000,500,-0.002291605405509472,3.4959759464263915,0.998348,0.9969586423246448,0.992
VisPruner,ScienceQA_MC,32,cage_aware,cage,cage,image,500,500,vis_l12,layer,1000,500,0.03205394811928272,4.841782334327697,0.998062,0.9947808559024808,0.998
VisPruner,ScienceQA_MC,32,cage_aware,cage,cage,image,500,500,vis_l18,layer,1000,500,0.029990831524133683,2.803937471985817,0.9963420000000001,0.9928623025123573,0.99
VisPruner,ScienceQA_MC,32,cage_aware,cage,cage,image,500,500,vis_l24,layer,1000,500,-0.030287961479423756,4.140830502033234,0.9994559999999999,0.9989815541441596,0.998
VisPruner,ScienceQA_MC,32,cage_aware,cage,cage,image,500,500,proj_in,layer,1000,500,9.922203184396494e-05,2.8911391615867617,0.99935,0.9987264738143533,0.996
VisPruner,ScienceQA_MC,32,cage_aware,cage,cage,image,500,500,proj_out,layer,1000,500,-0.007643877671100199,3.8732111254184276,0.980564,0.9693304671473685,0.9
VisPruner,ScienceQA_MC,32,cage_aware,cage,cage,image,500,500,llm_image_l08,layer,1000,500,-0.025418014340946683,4.539424616068602,0.9840300000000001,0.9763158259909772,0.938
VisPruner,ScienceQA_MC,32,cage_aware,cage,cage,image,500,500,llm_image_l16,layer,1000,500,-0.04735728572681546,4.546376754552126,0.9866459999999999,0.9796010632329779,0.946
VisPruner,ScienceQA_MC,32,cage_aware,cage,cage,image,500,500,llm_image_l24,layer,1000,500,-0.04716201025771443,3.446583935260773,0.9961360000000001,0.9929146968202105,0.982
VisPruner,ScienceQA_MC,32,cage_aware,cage,cage,image,500,500,llm_image_l32,layer,1000,500,-0.026726770281442443,2.5146320531070234,0.976746,0.950866751219032,0.836
VisPruner,ScienceQA_MC,32,cage_aware,cage,cage,image,500,500,visual_trajectory,stage,1000,500,0.01897804167273557,4.7550342845188345,0.999868,0.9997422922096644,1.0
VisPruner,ScienceQA_MC,32,cage_aware,cage,cage,image,500,500,projector_trajectory,stage,1000,500,-0.004091828545620349,3.6686378282657826,0.9949819999999999,0.9911077740171156,0.97
VisPruner,ScienceQA_MC,32,cage_aware,cage,cage,image,500,500,llm_trajectory,stage,1000,500,-0.042575230270499274,4.0671640814556715,0.993222,0.988305316959522,0.96
VisPruner,ScienceQA_MC,32,cage_aware,cage,cage,image,500,500,all_level_fused,fused,1000,500,-0.00922967238112802,4.163612064746763,0.9998539999999999,0.9997206084172999,1.0
VisPruner,ScienceQA_MC,32,caa_aware,caa,caa,image,494,496,vis_l06,layer,992,496,-0.0018534189279190258,3.4617708727760585,0.9509442475286161,0.94993559987347,0.8911290322580645
VisPruner,ScienceQA_MC,32,caa_aware,caa,caa,image,494,496,vis_l12,layer,992,496,-0.022467134522131463,2.2936463031519745,0.8755019998699272,0.8942349472691197,0.8145161290322581
VisPruner,ScienceQA_MC,32,caa_aware,caa,caa,image,494,496,vis_l18,layer,992,496,-0.007734245243256972,3.120493257393865,0.8678520909209159,0.8714179451022467,0.7379032258064516
VisPruner,ScienceQA_MC,32,caa_aware,caa,caa,image,494,496,vis_l24,layer,992,496,0.014496906084757703,3.7481338856765256,0.8766442020031218,0.8721828629325796,0.7419354838709677
VisPruner,ScienceQA_MC,32,caa_aware,caa,caa,image,494,496,proj_in,layer,992,496,-0.02749113852053509,1.4327857919410998,0.7504268015088449,0.7089819411106284,0.46975806451612906
VisPruner,ScienceQA_MC,32,caa_aware,caa,caa,image,494,496,proj_out,layer,992,496,-0.03317028919240505,1.6845164149361211,0.7975273965920915,0.7476247921023741,0.5
VisPruner,ScienceQA_MC,32,caa_aware,caa,caa,image,494,496,llm_image_l08,layer,992,496,-0.02808980146584227,1.5433463970717463,0.7931516649323621,0.7188502185183665,0.4254032258064516
VisPruner,ScienceQA_MC,32,caa_aware,caa,caa,image,494,496,llm_image_l16,layer,992,496,0.018162915017455816,1.5637159198560122,0.8141543639438086,0.718101784048825,0.4254032258064516
VisPruner,ScienceQA_MC,32,caa_aware,caa,caa,image,494,496,llm_image_l24,layer,992,496,-0.050494633953348966,1.444021801892133,0.8318808532778356,0.7286466193016176,0.43951612903225806
VisPruner,ScienceQA_MC,32,caa_aware,caa,caa,image,494,496,llm_image_l32,layer,992,496,-0.0683418489483771,1.6798468167938652,0.8207819816597295,0.7540050294334694,0.4657258064516129
VisPruner,ScienceQA_MC,32,caa_aware,caa,caa,image,494,496,visual_trajectory,stage,992,496,-0.009609329050677384,3.6293444041813587,0.8988846253902185,0.9083366108811093,0.8366935483870968
VisPruner,ScienceQA_MC,32,caa_aware,caa,caa,image,494,496,projector_trajectory,stage,992,496,-0.033594138174907175,1.7263538267661345,0.7822844855619147,0.7451547490764304,0.5
VisPruner,ScienceQA_MC,32,caa_aware,caa,caa,image,494,496,llm_trajectory,stage,992,496,-0.03226859142506162,1.8505772789680908,0.8455303720083247,0.770533336208983,0.5100806451612904
VisPruner,ScienceQA_MC,32,caa_aware,caa,caa,image,494,496,all_level_fused,fused,992,496,-0.025157352883548725,2.402091836638528,0.8855501268210197,0.8774189148354358,0.7358870967741935
VisPruner,ScienceQA_MC,32,fata_aware,fata,fata,image,500,500,vis_l06,layer,1000,500,-0.006557829320430756,3.2929330883026124,0.998826,0.9977076834001357,0.998
VisPruner,ScienceQA_MC,32,fata_aware,fata,fata,image,500,500,vis_l12,layer,1000,500,-0.025257780698186252,4.103066827364266,0.9861699999999999,0.9687336386477785,0.938
VisPruner,ScienceQA_MC,32,fata_aware,fata,fata,image,500,500,vis_l18,layer,1000,500,-0.003742008201603312,1.413631141721271,0.839099,0.676937297207021,0.316
VisPruner,ScienceQA_MC,32,fata_aware,fata,fata,image,500,500,vis_l24,layer,1000,500,0.004851003759074956,1.2015033702682705,0.7962000000000001,0.7097998630002631,0.46
VisPruner,ScienceQA_MC,32,fata_aware,fata,fata,image,500,500,proj_in,layer,1000,500,0.07186145552818198,0.9178465498015285,0.728642,0.6300224705231633,0.36
VisPruner,ScienceQA_MC,32,fata_aware,fata,fata,image,500,500,proj_out,layer,1000,500,0.059207452865375675,0.9013128384207375,0.73047,0.5809753079497554,0.272
VisPruner,ScienceQA_MC,32,fata_aware,fata,fata,image,500,500,llm_image_l08,layer,1000,500,0.02569891826948151,1.0486750066931128,0.742922,0.5969537299826967,0.266
VisPruner,ScienceQA_MC,32,fata_aware,fata,fata,image,500,500,llm_image_l16,layer,1000,500,0.04457197554083541,1.052829653377412,0.7430640000000001,0.5909451919841758,0.254
VisPruner,ScienceQA_MC,32,fata_aware,fata,fata,image,500,500,llm_image_l24,layer,1000,500,0.01924062892861548,1.4230299408942229,0.834522,0.6987140786532471,0.376
VisPruner,ScienceQA_MC,32,fata_aware,fata,fata,image,500,500,llm_image_l32,layer,1000,500,0.025367891584988683,1.310049054389354,0.8566799999999999,0.7596603505914409,0.42
VisPruner,ScienceQA_MC,32,fata_aware,fata,fata,image,500,500,visual_trajectory,stage,1000,500,-0.013361307414977317,3.4748678291233905,0.986468,0.9659302113084112,0.96
VisPruner,ScienceQA_MC,32,fata_aware,fata,fata,image,500,500,projector_trajectory,stage,1000,500,0.06844513085398796,0.9499781011886175,0.737214,0.6194620610585657,0.352
VisPruner,ScienceQA_MC,32,fata_aware,fata,fata,image,500,500,llm_trajectory,stage,1000,500,0.034069584678114995,1.3938161183925808,0.822724,0.6821904318908039,0.344
VisPruner,ScienceQA_MC,32,fata_aware,fata,fata,image,500,500,all_level_fused,fused,1000,500,0.02971780270570855,1.9395540162348628,0.9749279999999999,0.9522981025917157,0.838
VisPruner,TextVQA_Open,64,base_sanity,base,base,image,500,500,vis_l06,layer,1000,500,0.00590861951559782,4.017417019367218,0.9998980000000001,0.999805811728426,1.0
VisPruner,TextVQA_Open,64,base_sanity,base,base,image,500,500,vis_l12,layer,1000,500,-0.023344911770080218,4.135136439323425,0.9762860000000001,0.9693608327694678,0.956
VisPruner,TextVQA_Open,64,base_sanity,base,base,image,500,500,vis_l18,layer,1000,500,0.018641448749112898,2.1876230252534152,0.950512,0.8622883138998952,0.754
VisPruner,TextVQA_Open,64,base_sanity,base,base,image,500,500,vis_l24,layer,1000,500,-0.035656158953395786,2.392631549783051,0.949654,0.9207428090748766,0.794
VisPruner,TextVQA_Open,64,base_sanity,base,base,image,500,500,proj_in,layer,1000,500,0.062486666227167004,3.207377254612744,0.9516579999999999,0.9136194913568707,0.752
VisPruner,TextVQA_Open,64,base_sanity,base,base,image,500,500,proj_out,layer,1000,500,-0.017694697874365374,2.5283054554788396,0.9303619999999999,0.889387313082144,0.692
VisPruner,TextVQA_Open,64,base_sanity,base,base,image,500,500,llm_image_l08,layer,1000,500,-0.021694647348485887,2.492219049550593,0.930816,0.8955980182044203,0.754
VisPruner,TextVQA_Open,64,base_sanity,base,base,image,500,500,llm_image_l16,layer,1000,500,0.012129850248689763,2.206407146368176,0.9138259999999999,0.867310876491389,0.642
VisPruner,TextVQA_Open,64,base_sanity,base,base,image,500,500,llm_image_l24,layer,1000,500,0.024940162268583664,2.432716655690223,0.928542,0.8909723685431941,0.696
VisPruner,TextVQA_Open,64,base_sanity,base,base,image,500,500,llm_image_l32,layer,1000,500,-0.008360387460161291,1.3213870972879231,0.7856240000000001,0.6660890400083151,0.324
VisPruner,TextVQA_Open,64,base_sanity,base,base,image,500,500,visual_trajectory,stage,1000,500,-0.008582576844006767,4.176932857396317,0.990286,0.9795528066882057,0.982
VisPruner,TextVQA_Open,64,base_sanity,base,base,image,500,500,projector_trajectory,stage,1000,500,0.023505476449412224,3.0099130576269855,0.948736,0.9124161506789963,0.756
VisPruner,TextVQA_Open,64,base_sanity,base,base,image,500,500,llm_trajectory,stage,1000,500,0.008174847011338759,2.4276735447522233,0.923778,0.883414569481829,0.672
VisPruner,TextVQA_Open,64,base_sanity,base,base,image,500,500,all_level_fused,fused,1000,500,0.007699248872248077,3.204839819925175,0.99202,0.9849437237544464,0.958
VisPruner,TextVQA_Open,64,cage_unseen_base_dir,base,cage,image,500,500,vis_l06,layer,1000,500,0.00590861951559782,4.093320518493653,0.999878,0.9997673976244216,1.0
VisPruner,TextVQA_Open,64,cage_unseen_base_dir,base,cage,image,500,500,vis_l12,layer,1000,500,-0.023344911770080218,5.4951318182349205,0.9887959999999999,0.9868345668902142,0.976
VisPruner,TextVQA_Open,64,cage_unseen_base_dir,base,cage,image,500,500,vis_l18,layer,1000,500,0.018641448749112898,3.6410171883106233,0.9880979999999999,0.9606260625805434,0.968
VisPruner,TextVQA_Open,64,cage_unseen_base_dir,base,cage,image,500,500,vis_l24,layer,1000,500,-0.035656158953395786,1.9989714642837644,0.9351799999999999,0.8809704343992937,0.686
VisPruner,TextVQA_Open,64,cage_unseen_base_dir,base,cage,image,500,500,proj_in,layer,1000,500,0.062486666227167004,1.2367339230062206,0.7660279999999999,0.6245168817373822,0.278
VisPruner,TextVQA_Open,64,cage_unseen_base_dir,base,cage,image,500,500,proj_out,layer,1000,500,-0.017694697874365374,0.09896831072727218,0.5399039999999999,0.3552786629753944,0.042
VisPruner,TextVQA_Open,64,cage_unseen_base_dir,base,cage,image,500,500,llm_image_l08,layer,1000,500,-0.021694647348485887,0.24049270216934382,0.5724199999999999,0.39077671671562897,0.09
VisPruner,TextVQA_Open,64,cage_unseen_base_dir,base,cage,image,500,500,llm_image_l16,layer,1000,500,0.012129850248689763,1.0155920439404436,0.7574540000000001,0.6144836454564788,0.266
VisPruner,TextVQA_Open,64,cage_unseen_base_dir,base,cage,image,500,500,llm_image_l24,layer,1000,500,0.024940162268583664,1.3773793829213827,0.834068,0.7246609223479938,0.384
VisPruner,TextVQA_Open,64,cage_unseen_base_dir,base,cage,image,500,500,llm_image_l32,layer,1000,500,-0.008360387460161291,0.9663720822366886,0.757452,0.5715615586644482,0.182
VisPruner,TextVQA_Open,64,cage_unseen_base_dir,base,cage,image,500,500,visual_trajectory,stage,1000,500,-0.008582576844006767,5.340657348720746,0.996856,0.9939416532970751,0.99
VisPruner,TextVQA_Open,64,cage_unseen_base_dir,base,cage,image,500,500,projector_trajectory,stage,1000,500,0.023505476449412224,0.7009361947863003,0.673852,0.5014522519973955,0.164
VisPruner,TextVQA_Open,64,cage_unseen_base_dir,base,cage,image,500,500,llm_trajectory,stage,1000,500,0.008174847011338759,1.1112697104905338,0.781414,0.6402163232142365,0.27
VisPruner,TextVQA_Open,64,cage_unseen_base_dir,base,cage,image,500,500,all_level_fused,fused,1000,500,0.007699248872248077,2.384287751332526,0.9815499999999999,0.9601169992463219,0.902
VisPruner,TextVQA_Open,64,caa_unseen_base_dir,base,caa,image,500,500,vis_l06,layer,1000,500,0.00590861951559782,1.832750878007151,0.952234,0.9191510327792909,0.824
VisPruner,TextVQA_Open,64,caa_unseen_base_dir,base,caa,image,500,500,vis_l12,layer,1000,500,-0.023344911770080218,3.043240266340785,0.934992,0.9171009564783761,0.884
VisPruner,TextVQA_Open,64,caa_unseen_base_dir,base,caa,image,500,500,vis_l18,layer,1000,500,0.018641448749112898,1.9041333102505886,0.914716,0.8120405074066673,0.632
VisPruner,TextVQA_Open,64,caa_unseen_base_dir,base,caa,image,500,500,vis_l24,layer,1000,500,-0.035656158953395786,1.8854619037304075,0.852502,0.8094745566105205,0.58
VisPruner,TextVQA_Open,64,caa_unseen_base_dir,base,caa,image,500,500,proj_in,layer,1000,500,0.062486666227167004,0.12286487849499099,0.529914,0.3391779424059908,0.036
VisPruner,TextVQA_Open,64,caa_unseen_base_dir,base,caa,image,500,500,proj_out,layer,1000,500,-0.017694697874365374,0.4543757590415771,0.6424860000000001,0.43733497054888903,0.082
VisPruner,TextVQA_Open,64,caa_unseen_base_dir,base,caa,image,500,500,llm_image_l08,layer,1000,500,-0.021694647348485887,0.4504559595459141,0.6373579999999999,0.4418628612386073,0.116
VisPruner,TextVQA_Open,64,caa_unseen_base_dir,base,caa,image,500,500,llm_image_l16,layer,1000,500,0.012129850248689763,0.2448358739290852,0.5679219999999999,0.3659091314693935,0.052
VisPruner,TextVQA_Open,64,caa_unseen_base_dir,base,caa,image,500,500,llm_image_l24,layer,1000,500,0.024940162268583664,0.44538957711681726,0.6257079999999999,0.41549930078334973,0.072
VisPruner,TextVQA_Open,64,caa_unseen_base_dir,base,caa,image,500,500,llm_image_l32,layer,1000,500,-0.008360387460161291,0.3015238139934372,0.596136,0.39525385842167693,0.056
VisPruner,TextVQA_Open,64,caa_unseen_base_dir,base,caa,image,500,500,visual_trajectory,stage,1000,500,-0.008582576844006767,2.9839268527913982,0.956196,0.9261571533505111,0.906
VisPruner,TextVQA_Open,64,caa_unseen_base_dir,base,caa,image,500,500,projector_trajectory,stage,1000,500,0.023505476449412224,0.302918456666367,0.594228,0.38584763557219925,0.052
VisPruner,TextVQA_Open,64,caa_unseen_base_dir,base,caa,image,500,500,llm_trajectory,stage,1000,500,0.008174847011338759,0.395424940029415,0.6156360000000001,0.4049597481881093,0.066
VisPruner,TextVQA_Open,64,caa_unseen_base_dir,base,caa,image,500,500,all_level_fused,fused,1000,500,0.007699248872248077,1.2274234164957267,0.8794460000000001,0.7642162581881063,0.448
VisPruner,TextVQA_Open,64,fata_unseen_base_dir,base,fata,image,500,500,vis_l06,layer,1000,500,0.00590861951559782,3.9533001132011414,0.999824,0.9996707103039332,1.0
VisPruner,TextVQA_Open,64,fata_unseen_base_dir,base,fata,image,500,500,vis_l12,layer,1000,500,-0.023344911770080218,2.568674142330885,0.94935,0.9019789212693985,0.902
VisPruner,TextVQA_Open,64,fata_unseen_base_dir,base,fata,image,500,500,vis_l18,layer,1000,500,0.018641448749112898,1.2785605729110538,0.8562400000000001,0.6859988682855995,0.304
VisPruner,TextVQA_Open,64,fata_unseen_base_dir,base,fata,image,500,500,vis_l24,layer,1000,500,-0.035656158953395786,0.9186436540130526,0.7633420000000001,0.6128077261224176,0.278
VisPruner,TextVQA_Open,64,fata_unseen_base_dir,base,fata,image,500,500,proj_in,layer,1000,500,0.062486666227167004,0.8657606186588528,0.7246480000000002,0.5238635187609588,0.17
VisPruner,TextVQA_Open,64,fata_unseen_base_dir,base,fata,image,500,500,proj_out,layer,1000,500,-0.017694697874365374,0.7711452565547079,0.719398,0.5299009498064055,0.144
VisPruner,TextVQA_Open,64,fata_unseen_base_dir,base,fata,image,500,500,llm_image_l08,layer,1000,500,-0.021694647348485887,0.823121980916243,0.730236,0.5569036565550184,0.222
VisPruner,TextVQA_Open,64,fata_unseen_base_dir,base,fata,image,500,500,llm_image_l16,layer,1000,500,0.012129850248689763,0.5699526044854428,0.65489,0.45601166692325956,0.114
VisPruner,TextVQA_Open,64,fata_unseen_base_dir,base,fata,image,500,500,llm_image_l24,layer,1000,500,0.024940162268583664,0.7601737290229649,0.700882,0.5272459341537118,0.166
VisPruner,TextVQA_Open,64,fata_unseen_base_dir,base,fata,image,500,500,llm_image_l32,layer,1000,500,-0.008360387460161291,0.4606754912843462,0.62587,0.4427729294892867,0.112
VisPruner,TextVQA_Open,64,fata_unseen_base_dir,base,fata,image,500,500,visual_trajectory,stage,1000,500,-0.008582576844006767,2.7545264179693802,0.97807,0.9325283466529357,0.946
VisPruner,TextVQA_Open,64,fata_unseen_base_dir,base,fata,image,500,500,projector_trajectory,stage,1000,500,0.023505476449412224,0.8589987686812842,0.733506,0.5372093683982537,0.17
VisPruner,TextVQA_Open,64,fata_unseen_base_dir,base,fata,image,500,500,llm_trajectory,stage,1000,500,0.008174847011338759,0.7313606094399091,0.695256,0.5150334119684871,0.156
VisPruner,TextVQA_Open,64,fata_unseen_base_dir,base,fata,image,500,500,all_level_fused,fused,1000,500,0.007699248872248077,1.4482952653635244,0.917156,0.8252415450729622,0.58
VisPruner,TextVQA_Open,64,cage_aware,cage,cage,image,500,500,vis_l06,layer,1000,500,0.010573293812572956,4.058650348186493,0.999682,0.9994065052935919,0.998
VisPruner,TextVQA_Open,64,cage_aware,cage,cage,image,500,500,vis_l12,layer,1000,500,-0.015376981955865631,5.581536809625104,0.993216,0.9884164135006729,0.988
VisPruner,TextVQA_Open,64,cage_aware,cage,cage,image,500,500,vis_l18,layer,1000,500,0.0242473151658196,3.700019836910069,0.986216,0.9708358770265327,0.962
VisPruner,TextVQA_Open,64,cage_aware,cage,cage,image,500,500,vis_l24,layer,1000,500,0.003297800079220906,4.102008171617984,0.98954,0.9810578432475975,0.95
VisPruner,TextVQA_Open,64,cage_aware,cage,cage,image,500,500,proj_in,layer,1000,500,0.04836884440506401,4.232432397358119,0.987058,0.9767511835950687,0.924
VisPruner,TextVQA_Open,64,cage_aware,cage,cage,image,500,500,proj_out,layer,1000,500,0.007197377937380224,4.088630831688643,0.993384,0.98882069789162,0.97
VisPruner,TextVQA_Open,64,cage_aware,cage,cage,image,500,500,llm_image_l08,layer,1000,500,0.04615724082459929,4.754433890342712,0.996572,0.9932921039379842,0.986
VisPruner,TextVQA_Open,64,cage_aware,cage,cage,image,500,500,llm_image_l16,layer,1000,500,0.06690017040219391,4.531943586587906,0.9951160000000001,0.9892694464321763,0.99
VisPruner,TextVQA_Open,64,cage_aware,cage,cage,image,500,500,llm_image_l24,layer,1000,500,0.035557792933133894,4.486286988735199,0.9976579999999999,0.9951705126637911,0.996
VisPruner,TextVQA_Open,64,cage_aware,cage,cage,image,500,500,llm_image_l32,layer,1000,500,0.012333502960100304,2.7219953078739345,0.95231,0.8699039929009089,0.69
VisPruner,TextVQA_Open,64,cage_aware,cage,cage,image,500,500,visual_trajectory,stage,1000,500,0.006626159320135741,5.601582071481997,0.997042,0.9943279675870675,0.992
VisPruner,TextVQA_Open,64,cage_aware,cage,cage,image,500,500,projector_trajectory,stage,1000,500,0.0327999449692104,4.911805403576142,0.9968059999999999,0.9938690798267639,0.986
VisPruner,TextVQA_Open,64,cage_aware,cage,cage,image,500,500,llm_trajectory,stage,1000,500,0.04722723882083017,4.57430878110731,0.996468,0.992102936130649,0.998
VisPruner,TextVQA_Open,64,cage_aware,cage,cage,image,500,500,all_level_fused,fused,1000,500,0.028884447703392102,5.029232085388483,0.999388,0.9987948778230584,1.0
VisPruner,TextVQA_Open,64,caa_aware,caa,caa,image,500,500,vis_l06,layer,1000,500,0.031853193500079216,3.7496074985414745,0.9776400000000001,0.9780759465938158,0.958
VisPruner,TextVQA_Open,64,caa_aware,caa,caa,image,500,500,vis_l12,layer,1000,500,-0.039918977090739646,3.0859294045399874,0.910712,0.9274155589541015,0.874
VisPruner,TextVQA_Open,64,caa_aware,caa,caa,image,500,500,vis_l18,layer,1000,500,0.021099355952697806,3.0288115086792966,0.912984,0.9026783021412383,0.81
VisPruner,TextVQA_Open,64,caa_aware,caa,caa,image,500,500,vis_l24,layer,1000,500,-0.09364444932166953,2.435649448281154,0.871344,0.8535844532631415,0.652
VisPruner,TextVQA_Open,64,caa_aware,caa,caa,image,500,500,proj_in,layer,1000,500,-0.0397045366895909,1.4398488559043034,0.7622880000000001,0.6931878930583322,0.418
VisPruner,TextVQA_Open,64,caa_aware,caa,caa,image,500,500,proj_out,layer,1000,500,-0.03397303015628131,1.2759576428635047,0.7642180000000001,0.6722790777619664,0.354
VisPruner,TextVQA_Open,64,caa_aware,caa,caa,image,500,500,llm_image_l08,layer,1000,500,-0.028581217299215495,1.3197916213381105,0.772752,0.6921682923417084,0.38
VisPruner,TextVQA_Open,64,caa_aware,caa,caa,image,500,500,llm_image_l16,layer,1000,500,-0.018351553799118847,1.2571894351085648,0.782312,0.7018736687237538,0.412
VisPruner,TextVQA_Open,64,caa_aware,caa,caa,image,500,500,llm_image_l24,layer,1000,500,0.015902904544142074,1.1280960216838867,0.775508,0.6547381780260678,0.314
VisPruner,TextVQA_Open,64,caa_aware,caa,caa,image,500,500,llm_image_l32,layer,1000,500,-0.02137695701028133,1.1637098676133901,0.775754,0.6582734392133196,0.308
VisPruner,TextVQA_Open,64,caa_aware,caa,caa,image,500,500,visual_trajectory,stage,1000,500,-0.022291635279560698,4.128459584150128,0.94051,0.9447483549872098,0.888
VisPruner,TextVQA_Open,64,caa_aware,caa,caa,image,500,500,projector_trajectory,stage,1000,500,-0.03962348714104935,1.4605495741259693,0.7721800000000001,0.6974738331280484,0.376
VisPruner,TextVQA_Open,64,caa_aware,caa,caa,image,500,500,llm_trajectory,stage,1000,500,-0.010335073611709183,1.3667071695443624,0.798088,0.7124068046117061,0.43
VisPruner,TextVQA_Open,64,caa_aware,caa,caa,image,500,500,all_level_fused,fused,1000,500,-0.024083398677439753,2.318572109273487,0.903512,0.8940005398631284,0.75
VisPruner,TextVQA_Open,64,fata_aware,fata,fata,image,500,500,vis_l06,layer,1000,500,0.005028671480249614,3.9796956281661986,0.9998759999999999,0.9997630079294264,1.0
VisPruner,TextVQA_Open,64,fata_aware,fata,fata,image,500,500,vis_l12,layer,1000,500,0.0035646191508567427,3.365806302309036,0.985738,0.9270491702662993,0.99
VisPruner,TextVQA_Open,64,fata_aware,fata,fata,image,500,500,vis_l18,layer,1000,500,0.026653951593558305,1.115880111137405,0.816096,0.6352134994121851,0.238
VisPruner,TextVQA_Open,64,fata_aware,fata,fata,image,500,500,vis_l24,layer,1000,500,-0.08924005388945806,0.895123736788053,0.7670319999999999,0.6439961565701433,0.304
VisPruner,TextVQA_Open,64,fata_aware,fata,fata,image,500,500,proj_in,layer,1000,500,0.0008624032360967248,1.069589499020949,0.771304,0.5938265989550737,0.202
VisPruner,TextVQA_Open,64,fata_aware,fata,fata,image,500,500,proj_out,layer,1000,500,-0.0301564014616888,0.8814076242861338,0.744886,0.5768653955983034,0.234
VisPruner,TextVQA_Open,64,fata_aware,fata,fata,image,500,500,llm_image_l08,layer,1000,500,-0.02554825955693377,1.0577293600589037,0.779008,0.6413269303392657,0.266
VisPruner,TextVQA_Open,64,fata_aware,fata,fata,image,500,500,llm_image_l16,layer,1000,500,-0.011000908687710762,1.093650575899519,0.787374,0.6462202906224758,0.278
VisPruner,TextVQA_Open,64,fata_aware,fata,fata,image,500,500,llm_image_l24,layer,1000,500,0.010506256159336771,1.1421615491149715,0.8127300000000001,0.6651633105147574,0.274
VisPruner,TextVQA_Open,64,fata_aware,fata,fata,image,500,500,llm_image_l32,layer,1000,500,-0.0511672896554519,0.9821010083160363,0.774578,0.616031469781886,0.254
VisPruner,TextVQA_Open,64,fata_aware,fata,fata,image,500,500,visual_trajectory,stage,1000,500,-0.0050141029164495875,2.9185454808903204,0.983312,0.9351985458469931,0.96
VisPruner,TextVQA_Open,64,fata_aware,fata,fata,image,500,500,projector_trajectory,stage,1000,500,-0.01581159380795511,1.0530615956306717,0.7755139999999999,0.6013113522123752,0.23
VisPruner,TextVQA_Open,64,fata_aware,fata,fata,image,500,500,llm_trajectory,stage,1000,500,-0.014762376298047268,1.2370473490327696,0.828394,0.6979727102943463,0.354
VisPruner,TextVQA_Open,64,fata_aware,fata,fata,image,500,500,all_level_fused,fused,1000,500,-0.011862691007484003,1.736218141851254,0.9496119999999999,0.8980097996297971,0.762
VisPruner,VQAv2_MC,32,base_sanity,base,base,image,500,500,vis_l06,layer,1000,500,-0.0006263028308749199,4.168522444725037,1.0,1.0,1.0
VisPruner,VQAv2_MC,32,base_sanity,base,base,image,500,500,vis_l12,layer,1000,500,-0.06854044834419619,7.141206381917,0.996266,0.9965061042773375,0.992
VisPruner,VQAv2_MC,32,base_sanity,base,base,image,500,500,vis_l18,layer,1000,500,0.0445046712506155,3.432721435427666,0.9904040000000001,0.9814740854527716,0.952
VisPruner,VQAv2_MC,32,base_sanity,base,base,image,500,500,vis_l24,layer,1000,500,-0.05195011332305148,4.1302450189217925,0.985555,0.9757742534354887,0.946
VisPruner,VQAv2_MC,32,base_sanity,base,base,image,500,500,proj_in,layer,1000,500,-0.013601130219758489,3.0091871419698,0.9574739999999999,0.9343738953473595,0.806
VisPruner,VQAv2_MC,32,base_sanity,base,base,image,500,500,proj_out,layer,1000,500,-0.04348259056417737,2.984718067632988,0.957162,0.9322119615926656,0.8
VisPruner,VQAv2_MC,32,base_sanity,base,base,image,500,500,llm_image_l08,layer,1000,500,-0.04839497680391651,3.0328775873333216,0.9598499999999999,0.9339073495562288,0.818
VisPruner,VQAv2_MC,32,base_sanity,base,base,image,500,500,llm_image_l16,layer,1000,500,0.036503336074529213,1.9159645233154297,0.892212,0.816020772326909,0.552
VisPruner,VQAv2_MC,32,base_sanity,base,base,image,500,500,llm_image_l24,layer,1000,500,0.10094588457443751,2.1325775718130173,0.91483,0.8542008692792161,0.656
VisPruner,VQAv2_MC,32,base_sanity,base,base,image,500,500,llm_image_l32,layer,1000,500,0.008591107430082047,1.3110242288825102,0.7841300000000001,0.6689628526614433,0.27
VisPruner,VQAv2_MC,32,base_sanity,base,base,image,500,500,visual_trajectory,stage,1000,500,-0.024492243659388093,7.165702193591996,0.999984,0.9999679910873538,1.0
VisPruner,VQAv2_MC,32,base_sanity,base,base,image,500,500,projector_trajectory,stage,1000,500,-0.03021952288188197,3.1731097358942457,0.9645520000000001,0.943880567377871,0.834
VisPruner,VQAv2_MC,32,base_sanity,base,base,image,500,500,llm_trajectory,stage,1000,500,0.04390745852611806,2.323541422781333,0.9289360000000001,0.8757315438660295,0.68
VisPruner,VQAv2_MC,32,base_sanity,base,base,image,500,500,all_level_fused,fused,1000,500,-0.0036014360050506725,4.2207844507558585,0.999606,0.99922248395362,1.0
VisPruner,VQAv2_MC,32,cage_unseen_base_dir,base,cage,image,500,500,vis_l06,layer,1000,500,-0.0006263028308749199,4.242179413795471,1.0,1.0,1.0
VisPruner,VQAv2_MC,32,cage_unseen_base_dir,base,cage,image,500,500,vis_l12,layer,1000,500,-0.06854044834419619,9.878375841140747,0.9999800000000001,0.9999603800124156,1.0
VisPruner,VQAv2_MC,32,cage_unseen_base_dir,base,cage,image,500,500,vis_l18,layer,1000,500,0.0445046712506155,6.208812078952789,0.999966,0.999931845764114,1.0
VisPruner,VQAv2_MC,32,cage_unseen_base_dir,base,cage,image,500,500,vis_l24,layer,1000,500,-0.05195011332305148,4.409961634039879,0.991824,0.9838392930641391,0.964
VisPruner,VQAv2_MC,32,cage_unseen_base_dir,base,cage,image,500,500,proj_in,layer,1000,500,-0.013601130219758489,1.6803557428251952,0.8372999999999999,0.7691925981278211,0.48
VisPruner,VQAv2_MC,32,cage_unseen_base_dir,base,cage,image,500,500,proj_out,layer,1000,500,-0.04348259056417737,0.606014224755927,0.6561619999999999,0.519393641208441,0.2
VisPruner,VQAv2_MC,32,cage_unseen_base_dir,base,cage,image,500,500,llm_image_l08,layer,1000,500,-0.04839497680391651,1.5002335959021003,0.850012,0.7440781815723863,0.448
VisPruner,VQAv2_MC,32,cage_unseen_base_dir,base,cage,image,500,500,llm_image_l16,layer,1000,500,0.036503336074529213,2.2084286908209325,0.940912,0.8806060822504189,0.662
VisPruner,VQAv2_MC,32,cage_unseen_base_dir,base,cage,image,500,500,llm_image_l24,layer,1000,500,0.10094588457443751,2.5016529537548777,0.962634,0.9211653063039617,0.816
VisPruner,VQAv2_MC,32,cage_unseen_base_dir,base,cage,image,500,500,llm_image_l32,layer,1000,500,0.008591107430082047,2.126734664551914,0.908034,0.8364155242661578,0.504
VisPruner,VQAv2_MC,32,cage_unseen_base_dir,base,cage,image,500,500,visual_trajectory,stage,1000,500,-0.024492243659388093,9.934947747028371,1.0,1.0,1.0
VisPruner,VQAv2_MC,32,cage_unseen_base_dir,base,cage,image,500,500,projector_trajectory,stage,1000,500,-0.03021952288188197,1.210379964720693,0.77597,0.6785254216480352,0.364
VisPruner,VQAv2_MC,32,cage_unseen_base_dir,base,cage,image,500,500,llm_trajectory,stage,1000,500,0.04390745852611806,2.436748227447526,0.958156,0.9083362293469514,0.76
VisPruner,VQAv2_MC,32,cage_unseen_base_dir,base,cage,image,500,500,all_level_fused,fused,1000,500,-0.0036014360050506725,4.527358646398864,0.9999560000000001,0.9999106451323118,1.0
VisPruner,VQAv2_MC,32,caa_unseen_base_dir,base,caa,image,500,500,vis_l06,layer,1000,500,-0.0006263028308749199,1.8273777576573194,0.979544,0.9528123069467368,0.954
VisPruner,VQAv2_MC,32,caa_unseen_base_dir,base,caa,image,500,500,vis_l12,layer,1000,500,-0.06854044834419619,5.3765961736291645,0.976936,0.97696108835225,0.944
VisPruner,VQAv2_MC,32,caa_unseen_base_dir,base,caa,image,500,500,vis_l18,layer,1000,500,0.0445046712506155,3.191771186310798,0.979078,0.9670597545732849,0.898
VisPruner,VQAv2_MC,32,caa_unseen_base_dir,base,caa,image,500,500,vis_l24,layer,1000,500,-0.05195011332305148,1.7060905549749732,0.8679479999999999,0.7743982032728707,0.464
VisPruner,VQAv2_MC,32,caa_unseen_base_dir,base,caa,image,500,500,proj_in,layer,1000,500,-0.013601130219758489,-0.5095083304597064,0.36121000000000003,0.26357204659444705,0.022
VisPruner,VQAv2_MC,32,caa_unseen_base_dir,base,caa,image,500,500,proj_out,layer,1000,500,-0.04348259056417737,0.06721282679773867,0.5327120000000001,0.3584692048875743,0.07
VisPruner,VQAv2_MC,32,caa_unseen_base_dir,base,caa,image,500,500,llm_image_l08,layer,1000,500,-0.04839497680391651,0.24602752949856221,0.589278,0.39624838720329864,0.086
VisPruner,VQAv2_MC,32,caa_unseen_base_dir,base,caa,image,500,500,llm_image_l16,layer,1000,500,0.036503336074529213,0.16505614897143095,0.543282,0.3541610204062582,0.052
VisPruner,VQAv2_MC,32,caa_unseen_base_dir,base,caa,image,500,500,llm_image_l24,layer,1000,500,0.10094588457443751,0.38389202979393305,0.5901839999999999,0.3945319806291513,0.076
VisPruner,VQAv2_MC,32,caa_unseen_base_dir,base,caa,image,500,500,llm_image_l32,layer,1000,500,0.008591107430082047,0.4751970296278596,0.624554,0.4488895549152919,0.096
VisPruner,VQAv2_MC,32,caa_unseen_base_dir,base,caa,image,500,500,visual_trajectory,stage,1000,500,-0.024492243659388093,5.030000165827923,0.993498,0.9917146972637331,0.974
VisPruner,VQAv2_MC,32,caa_unseen_base_dir,base,caa,image,500,500,projector_trajectory,stage,1000,500,-0.03021952288188197,-0.2341465485490159,0.44281200000000004,0.3013949698846127,0.04
VisPruner,VQAv2_MC,32,caa_unseen_base_dir,base,caa,image,500,500,llm_trajectory,stage,1000,500,0.04390745852611806,0.33974822321681575,0.594712,0.3985137785144143,0.074
VisPruner,VQAv2_MC,32,caa_unseen_base_dir,base,caa,image,500,500,all_level_fused,fused,1000,500,-0.0036014360050506725,1.711867280165241,0.9555439999999998,0.9147771710284616,0.798
VisPruner,VQAv2_MC,32,fata_unseen_base_dir,base,fata,image,500,500,vis_l06,layer,1000,500,-0.0006263028308749199,4.0842633862495425,1.0,1.0,1.0
VisPruner,VQAv2_MC,32,fata_unseen_base_dir,base,fata,image,500,500,vis_l12,layer,1000,500,-0.06854044834419619,4.212209224432707,0.9854959999999999,0.9842204492560896,0.964
VisPruner,VQAv2_MC,32,fata_unseen_base_dir,base,fata,image,500,500,vis_l18,layer,1000,500,0.0445046712506155,1.872024602582678,0.911922,0.8287642037950301,0.546
VisPruner,VQAv2_MC,32,fata_unseen_base_dir,base,fata,image,500,500,vis_l24,layer,1000,500,-0.05195011332305148,0.9981118841953576,0.764278,0.61081990925084,0.254
VisPruner,VQAv2_MC,32,fata_unseen_base_dir,base,fata,image,500,500,proj_in,layer,1000,500,-0.013601130219758489,0.4765067600044422,0.63801,0.4642420982186528,0.116
VisPruner,VQAv2_MC,32,fata_unseen_base_dir,base,fata,image,500,500,proj_out,layer,1000,500,-0.04348259056417737,0.5853081475207582,0.6670560000000001,0.5011951008421285,0.16
VisPruner,VQAv2_MC,32,fata_unseen_base_dir,base,fata,image,500,500,llm_image_l08,layer,1000,500,-0.04839497680391651,0.70584309223725,0.7043480000000001,0.532171881630485,0.21
VisPruner,VQAv2_MC,32,fata_unseen_base_dir,base,fata,image,500,500,llm_image_l16,layer,1000,500,0.036503336074529213,0.3541506457109936,0.6017710000000001,0.4050179956211746,0.08
VisPruner,VQAv2_MC,32,fata_unseen_base_dir,base,fata,image,500,500,llm_image_l24,layer,1000,500,0.10094588457443751,0.5810113799143583,0.65193,0.4550666508456921,0.13
VisPruner,VQAv2_MC,32,fata_unseen_base_dir,base,fata,image,500,500,llm_image_l32,layer,1000,500,0.008591107430082047,0.34261538299452515,0.598534,0.41286213799781823,0.068
VisPruner,VQAv2_MC,32,fata_unseen_base_dir,base,fata,image,500,500,visual_trajectory,stage,1000,500,-0.024492243659388093,4.197914388071382,0.998962,0.9977069881130217,1.0
VisPruner,VQAv2_MC,32,fata_unseen_base_dir,base,fata,image,500,500,projector_trajectory,stage,1000,500,-0.03021952288188197,0.562113524641651,0.664098,0.4936002970412412,0.148
VisPruner,VQAv2_MC,32,fata_unseen_base_dir,base,fata,image,500,500,llm_trajectory,stage,1000,500,0.04390745852611806,0.5451265823794941,0.653408,0.4597583868827301,0.14
VisPruner,VQAv2_MC,32,fata_unseen_base_dir,base,fata,image,500,500,all_level_fused,fused,1000,500,-0.0036014360050506725,1.7683848316975086,0.960726,0.9210854406397946,0.788
VisPruner,VQAv2_MC,32,cage_aware,cage,cage,image,500,500,vis_l06,layer,1000,500,0.003444896012544632,4.37575734949112,1.0,1.0,1.0
VisPruner,VQAv2_MC,32,cage_aware,cage,cage,image,500,500,vis_l12,layer,1000,500,-0.083522816198878,10.389939099788666,0.999994,0.99998803187251,1.0
VisPruner,VQAv2_MC,32,cage_aware,cage,cage,image,500,500,vis_l18,layer,1000,500,0.15479806864721468,5.889329356193542,0.999234,0.9987520737086579,0.996
VisPruner,VQAv2_MC,32,cage_aware,cage,cage,image,500,500,vis_l24,layer,1000,500,-0.04596306592592737,9.252187996864318,0.999672,0.9993904154266469,0.998
VisPruner,VQAv2_MC,32,cage_aware,cage,cage,image,500,500,proj_in,layer,1000,500,-0.021171742123086007,6.4581967484951015,0.999342,0.9986943955426104,1.0
VisPruner,VQAv2_MC,32,cage_aware,cage,cage,image,500,500,proj_out,layer,1000,500,0.1509867225177586,5.154388988919556,0.988416,0.9845078707842865,0.96
VisPruner,VQAv2_MC,32,cage_aware,cage,cage,image,500,500,llm_image_l08,layer,1000,500,0.14729215941346047,5.903729099579156,0.9939119999999999,0.9905996323502624,0.974
VisPruner,VQAv2_MC,32,cage_aware,cage,cage,image,500,500,llm_image_l16,layer,1000,500,0.15468857131095137,6.500047693505883,0.9954479999999999,0.9926920860384456,0.984
VisPruner,VQAv2_MC,32,cage_aware,cage,cage,image,500,500,llm_image_l24,layer,1000,500,0.18146981335419696,6.5302505400180815,0.9988279999999999,0.9978994655295205,0.994
VisPruner,VQAv2_MC,32,cage_aware,cage,cage,image,500,500,llm_image_l32,layer,1000,500,0.07991592969134217,4.575902339339256,0.9902299999999999,0.9793069775632396,0.948
VisPruner,VQAv2_MC,32,cage_aware,cage,cage,image,500,500,visual_trajectory,stage,1000,500,0.024192087311498994,11.169857677899994,1.0,1.0,1.0
VisPruner,VQAv2_MC,32,cage_aware,cage,cage,image,500,500,projector_trajectory,stage,1000,500,0.07605385231718642,6.803388961057417,0.9996400000000001,0.9992849967682422,1.0
VisPruner,VQAv2_MC,32,cage_aware,cage,cage,image,500,500,llm_trajectory,stage,1000,500,0.16654404450467436,6.765301961956788,0.998432,0.997210364325807,0.992
VisPruner,VQAv2_MC,32,cage_aware,cage,cage,image,500,500,all_level_fused,fused,1000,500,0.08892999471111993,8.246182866971399,0.9999979999999999,0.999996007984032,1.0
VisPruner,VQAv2_MC,32,caa_aware,caa,caa,image,500,500,vis_l06,layer,1000,500,0.003164498289232142,4.098109962228685,0.994476,0.9945341476276677,0.988
VisPruner,VQAv2_MC,32,caa_aware,caa,caa,image,500,500,vis_l12,layer,1000,500,-0.0816318454311695,4.748418504193425,0.9533559999999999,0.9638495105703211,0.936
VisPruner,VQAv2_MC,32,caa_aware,caa,caa,image,500,500,vis_l18,layer,1000,500,0.166236369473394,3.746624456614256,0.9641660000000001,0.9497483345635075,0.86
VisPruner,VQAv2_MC,32,caa_aware,caa,caa,image,500,500,vis_l24,layer,1000,500,0.13948659663600846,3.5853685170933605,0.95839,0.9434598165437188,0.842
VisPruner,VQAv2_MC,32,caa_aware,caa,caa,image,500,500,proj_in,layer,1000,500,0.01405822619976243,1.8106916496269405,0.852686,0.7916268978177978,0.512
VisPruner,VQAv2_MC,32,caa_aware,caa,caa,image,500,500,proj_out,layer,1000,500,0.00595957007992547,1.5160158969135955,0.816184,0.7269727835661264,0.436
VisPruner,VQAv2_MC,32,caa_aware,caa,caa,image,500,500,llm_image_l08,layer,1000,500,-0.03608375448174775,1.0738633337765933,0.776868,0.6312210980280828,0.252
VisPruner,VQAv2_MC,32,caa_aware,caa,caa,image,500,500,llm_image_l16,layer,1000,500,-0.0033524348689243197,1.0000898305610753,0.773116,0.5948640934131614,0.184
VisPruner,VQAv2_MC,32,caa_aware,caa,caa,image,500,500,llm_image_l24,layer,1000,500,0.010368620287626982,1.315492383373552,0.798828,0.6869880790119052,0.372
VisPruner,VQAv2_MC,32,caa_aware,caa,caa,image,500,500,llm_image_l32,layer,1000,500,0.0021138040302321314,1.621455030048499,0.8154899999999999,0.7307085190128384,0.432
VisPruner,VQAv2_MC,32,caa_aware,caa,caa,image,500,500,visual_trajectory,stage,1000,500,0.07567399239467847,5.987129433662177,0.9802719999999999,0.9792683091725921,0.952
VisPruner,VQAv2_MC,32,caa_aware,caa,caa,image,500,500,projector_trajectory,stage,1000,500,0.010879225859217495,1.8079918626861557,0.8486039999999999,0.7797826306344339,0.482
VisPruner,VQAv2_MC,32,caa_aware,caa,caa,image,500,500,llm_trajectory,stage,1000,500,-0.0038654271883865905,1.4204300192300892,0.8156720000000001,0.7014315001024045,0.368
VisPruner,VQAv2_MC,32,caa_aware,caa,caa,image,500,500,all_level_fused,fused,1000,500,0.027562597021836454,3.0718504385261403,0.9714020000000001,0.9646639895849,0.892
VisPruner,VQAv2_MC,32,fata_aware,fata,fata,image,500,500,vis_l06,layer,1000,500,0.0011866656467318536,4.197573440074921,1.0,1.0,1.0
VisPruner,VQAv2_MC,32,fata_aware,fata,fata,image,500,500,vis_l12,layer,1000,500,0.0024275304563052486,4.701033934593201,0.998294,0.9962076695180568,1.0
VisPruner,VQAv2_MC,32,fata_aware,fata,fata,image,500,500,vis_l18,layer,1000,500,0.13675764927771525,1.42128439004533,0.83605,0.6672149498151316,0.284
VisPruner,VQAv2_MC,32,fata_aware,fata,fata,image,500,500,vis_l24,layer,1000,500,0.14413063635700382,1.3368399789230898,0.78828,0.7000731489756934,0.454
VisPruner,VQAv2_MC,32,fata_aware,fata,fata,image,500,500,proj_in,layer,1000,500,0.08674350216495805,1.2482708909800275,0.782748,0.6578867895286561,0.316
VisPruner,VQAv2_MC,32,fata_aware,fata,fata,image,500,500,proj_out,layer,1000,500,0.09809746256687504,1.0559185722582043,0.731284,0.609883819543369,0.272
VisPruner,VQAv2_MC,32,fata_aware,fata,fata,image,500,500,llm_image_l08,layer,1000,500,0.04139162546253647,0.8228340735835955,0.7162999999999999,0.5390896514623842,0.162
VisPruner,VQAv2_MC,32,fata_aware,fata,fata,image,500,500,llm_image_l16,layer,1000,500,0.05574195321183652,0.7738593135058837,0.7156879999999999,0.5144486100632821,0.11
VisPruner,VQAv2_MC,32,fata_aware,fata,fata,image,500,500,llm_image_l24,layer,1000,500,0.08654336351068924,1.107301084138453,0.76871,0.602199044634073,0.2
VisPruner,VQAv2_MC,32,fata_aware,fata,fata,image,500,500,llm_image_l32,layer,1000,500,0.1252774092712789,1.3598681022012606,0.8245500000000001,0.7069944076440874,0.356
VisPruner,VQAv2_MC,32,fata_aware,fata,fata,image,500,500,visual_trajectory,stage,1000,500,0.09095638229060063,3.8167695723995494,0.9961679999999999,0.9910492175728673,0.996
VisPruner,VQAv2_MC,32,fata_aware,fata,fata,image,500,500,projector_trajectory,stage,1000,500,0.10218294016377785,1.2737915444246042,0.776084,0.6627290331155041,0.284
VisPruner,VQAv2_MC,32,fata_aware,fata,fata,image,500,500,llm_trajectory,stage,1000,500,0.08538461375477994,1.1249309696961183,0.77574,0.6050006706859768,0.2
VisPruner,VQAv2_MC,32,fata_aware,fata,fata,image,500,500,all_level_fused,fused,1000,500,0.09284131206971946,2.0718306955067574,0.969732,0.9474678298611118,0.876
VisPruner,VQAv2_Open,64,base_sanity,base,base,image,500,500,vis_l06,layer,1000,500,-0.030564530553296207,4.09321031332016,0.9999540000000001,0.9999096191075737,1.0
VisPruner,VQAv2_Open,64,base_sanity,base,base,image,500,500,vis_l12,layer,1000,500,-0.07389183769118972,6.574615071058274,0.9968039999999999,0.9950178865733744,0.978
VisPruner,VQAv2_Open,64,base_sanity,base,base,image,500,500,vis_l18,layer,1000,500,0.00246651144977659,3.4323364458084105,0.9915999999999999,0.9826550380001913,0.968
VisPruner,VQAv2_Open,64,base_sanity,base,base,image,500,500,vis_l24,layer,1000,500,0.026713922711322086,4.640015334263444,0.991204,0.9813563624138383,0.978
VisPruner,VQAv2_Open,64,base_sanity,base,base,image,500,500,proj_in,layer,1000,500,0.16253754416049923,3.7161423484534026,0.9684360000000001,0.9461148919565654,0.864
VisPruner,VQAv2_Open,64,base_sanity,base,base,image,500,500,proj_out,layer,1000,500,0.07585753748612478,3.5140404337570073,0.9634260000000001,0.9453827127877328,0.812
VisPruner,VQAv2_Open,64,base_sanity,base,base,image,500,500,llm_image_l08,layer,1000,500,0.1304516733291093,3.642692725468427,0.967076,0.947176384814327,0.848
VisPruner,VQAv2_Open,64,base_sanity,base,base,image,500,500,llm_image_l16,layer,1000,500,0.18628013661660953,2.72516620281362,0.931272,0.8703936457020495,0.606
VisPruner,VQAv2_Open,64,base_sanity,base,base,image,500,500,llm_image_l24,layer,1000,500,0.34939332373355864,2.8849648040235043,0.9364139999999999,0.8824372110999434,0.662
VisPruner,VQAv2_Open,64,base_sanity,base,base,image,500,500,llm_image_l32,layer,1000,500,0.11397332589735742,1.890816377490759,0.825012,0.7071357244638058,0.352
VisPruner,VQAv2_Open,64,base_sanity,base,base,image,500,500,visual_trajectory,stage,1000,500,-0.036817871056919214,7.214718220999808,0.999834,0.9996734740499416,1.0
VisPruner,VQAv2_Open,64,base_sanity,base,base,image,500,500,projector_trajectory,stage,1000,500,0.1270004319470815,3.851741808363609,0.9718420000000001,0.9544281320456953,0.862
VisPruner,VQAv2_Open,64,base_sanity,base,base,image,500,500,llm_trajectory,stage,1000,500,0.2519017165299499,3.2074735839322233,0.947256,0.9013717279392758,0.696
VisPruner,VQAv2_Open,64,base_sanity,base,base,image,500,500,all_level_fused,fused,1000,500,0.1140280924733707,4.7579778710985465,0.998424,0.9968918513032899,0.998
VisPruner,VQAv2_Open,64,cage_unseen_base_dir,base,cage,image,500,500,vis_l06,layer,1000,500,-0.030564530553296207,4.15881292629242,0.999968,0.99993631809271,1.0
VisPruner,VQAv2_Open,64,cage_unseen_base_dir,base,cage,image,500,500,vis_l12,layer,1000,500,-0.07389183769118972,8.958492369174957,0.999674,0.999410675941438,0.998
VisPruner,VQAv2_Open,64,cage_unseen_base_dir,base,cage,image,500,500,vis_l18,layer,1000,500,0.00246651144977659,6.166419074058533,0.9999879999999999,0.9999761193793415,1.0
VisPruner,VQAv2_Open,64,cage_unseen_base_dir,base,cage,image,500,500,vis_l24,layer,1000,500,0.026713922711322086,4.815322431564331,0.9946059999999999,0.9865227186393819,0.99
VisPruner,VQAv2_Open,64,cage_unseen_base_dir,base,cage,image,500,500,proj_in,layer,1000,500,0.16253754416049923,2.3419840676784514,0.9027459999999999,0.833514129639906,0.61
VisPruner,VQAv2_Open,64,cage_unseen_base_dir,base,cage,image,500,500,proj_out,layer,1000,500,0.07585753748612478,1.3995184976062738,0.801426,0.677572094966883,0.282
VisPruner,VQAv2_Open,64,cage_unseen_base_dir,base,cage,image,500,500,llm_image_l08,layer,1000,500,0.1304516733291093,2.3479348134249447,0.924816,0.8498921449449623,0.56
VisPruner,VQAv2_Open,64,cage_unseen_base_dir,base,cage,image,500,500,llm_image_l16,layer,1000,500,0.18628013661660953,3.5841088168621065,0.983512,0.9642083629969002,0.902
VisPruner,VQAv2_Open,64,cage_unseen_base_dir,base,cage,image,500,500,llm_image_l24,layer,1000,500,0.34939332373355864,4.219371144533158,0.9939760000000001,0.9879971224424108,0.97
VisPruner,VQAv2_Open,64,cage_unseen_base_dir,base,cage,image,500,500,llm_image_l32,layer,1000,500,0.11397332589735742,3.3348229330033066,0.953966,0.9090658254323053,0.752
VisPruner,VQAv2_Open,64,cage_unseen_base_dir,base,cage,image,500,500,visual_trajectory,stage,1000,500,-0.036817871056919214,9.844106843412167,1.0,1.0,1.0
VisPruner,VQAv2_Open,64,cage_unseen_base_dir,base,cage,image,500,500,projector_trajectory,stage,1000,500,0.1270004319470815,1.9932140455682552,0.876166,0.7884649887634798,0.47
VisPruner,VQAv2_Open,64,cage_unseen_base_dir,base,cage,image,500,500,llm_trajectory,stage,1000,500,0.2519017165299499,4.075870832308913,0.98892,0.976058568483143,0.938
VisPruner,VQAv2_Open,64,cage_unseen_base_dir,base,cage,image,500,500,all_level_fused,fused,1000,500,0.1140280924733707,5.304397240429778,0.9998319999999999,0.9996547635313395,1.0
VisPruner,VQAv2_Open,64,caa_unseen_base_dir,base,caa,image,500,500,vis_l06,layer,1000,500,-0.030564530553296207,1.741044338002801,0.970282,0.9395569019935226,0.932
VisPruner,VQAv2_Open,64,caa_unseen_base_dir,base,caa,image,500,500,vis_l12,layer,1000,500,-0.07389183769118972,4.906261171817779,0.9706079999999999,0.9761665307013558,0.954
VisPruner,VQAv2_Open,64,caa_unseen_base_dir,base,caa,image,500,500,vis_l18,layer,1000,500,0.00246651144977659,3.0723140586134976,0.973258,0.9596383203488807,0.914
VisPruner,VQAv2_Open,64,caa_unseen_base_dir,base,caa,image,500,500,vis_l24,layer,1000,500,0.026713922711322086,1.462336811109504,0.8099259999999999,0.7194238431384534,0.482
VisPruner,VQAv2_Open,64,caa_unseen_base_dir,base,caa,image,500,500,proj_in,layer,1000,500,0.16253754416049923,-0.30120604299893605,0.37867300000000004,0.26648518198159876,0.022
VisPruner,VQAv2_Open,64,caa_unseen_base_dir,base,caa,image,500,500,proj_out,layer,1000,500,0.07585753748612478,0.39330900345370173,0.5973580000000001,0.3893301815607659,0.04
VisPruner,VQAv2_Open,64,caa_unseen_base_dir,base,caa,image,500,500,llm_image_l08,layer,1000,500,0.1304516733291093,0.5192776099317707,0.6184620000000001,0.40106700763932746,0.068
VisPruner,VQAv2_Open,64,caa_unseen_base_dir,base,caa,image,500,500,llm_image_l16,layer,1000,500,0.18628013661660953,0.4804401517668739,0.598198,0.38151718281238844,0.028
VisPruner,VQAv2_Open,64,caa_unseen_base_dir,base,caa,image,500,500,llm_image_l24,layer,1000,500,0.34939332373355864,0.8776277787997387,0.647142,0.43343646580572426,0.074
VisPruner,VQAv2_Open,64,caa_unseen_base_dir,base,caa,image,500,500,llm_image_l32,layer,1000,500,0.11397332589735742,0.7644320953085553,0.640456,0.4682124502353437,0.12
VisPruner,VQAv2_Open,64,caa_unseen_base_dir,base,caa,image,500,500,visual_trajectory,stage,1000,500,-0.036817871056919214,4.808752836582078,0.9824719999999999,0.980445053640818,0.958
VisPruner,VQAv2_Open,64,caa_unseen_base_dir,base,caa,image,500,500,projector_trajectory,stage,1000,500,0.1270004319470815,0.04906609809951377,0.481206,0.3123391337756215,0.024
VisPruner,VQAv2_Open,64,caa_unseen_base_dir,base,caa,image,500,500,llm_trajectory,stage,1000,500,0.2519017165299499,0.765761865011249,0.64733,0.4264885082748068,0.05
VisPruner,VQAv2_Open,64,caa_unseen_base_dir,base,caa,image,500,500,all_level_fused,fused,1000,500,0.1140280924733707,1.874526933230947,0.9366740000000002,0.868813938303291,0.704
VisPruner,VQAv2_Open,64,fata_unseen_base_dir,base,fata,image,500,500,vis_l06,layer,1000,500,-0.030564530553296207,4.007890248060226,0.99996,0.9999205377931843,1.0
VisPruner,VQAv2_Open,64,fata_unseen_base_dir,base,fata,image,500,500,vis_l12,layer,1000,500,-0.07389183769118972,3.8477938774228098,0.971746,0.9750580363997503,0.958
VisPruner,VQAv2_Open,64,fata_unseen_base_dir,base,fata,image,500,500,vis_l18,layer,1000,500,0.00246651144977659,1.7490471244584769,0.908172,0.8109493326155732,0.526
VisPruner,VQAv2_Open,64,fata_unseen_base_dir,base,fata,image,500,500,vis_l24,layer,1000,500,0.026713922711322086,1.0348861015028232,0.743594,0.6198250973517196,0.336
VisPruner,VQAv2_Open,64,fata_unseen_base_dir,base,fata,image,500,500,proj_in,layer,1000,500,0.16253754416049923,0.760948486993555,0.651286,0.47929524532910966,0.158
VisPruner,VQAv2_Open,64,fata_unseen_base_dir,base,fata,image,500,500,proj_out,layer,1000,500,0.07585753748612478,0.9136070065482054,0.712952,0.5452328840675843,0.142
VisPruner,VQAv2_Open,64,fata_unseen_base_dir,base,fata,image,500,500,llm_image_l08,layer,1000,500,0.1304516733291093,0.9915570305952569,0.719916,0.5322645008073655,0.156
VisPruner,VQAv2_Open,64,fata_unseen_base_dir,base,fata,image,500,500,llm_image_l16,layer,1000,500,0.18628013661660953,0.6742635215511545,0.64746,0.4222624255441925,0.066
VisPruner,VQAv2_Open,64,fata_unseen_base_dir,base,fata,image,500,500,llm_image_l24,layer,1000,500,0.34939332373355864,1.0693869560323657,0.6943220000000001,0.47850739005803505,0.1
VisPruner,VQAv2_Open,64,fata_unseen_base_dir,base,fata,image,500,500,llm_image_l32,layer,1000,500,0.11397332589735742,0.5763673439184204,0.610328,0.42689957624689545,0.084
VisPruner,VQAv2_Open,64,fata_unseen_base_dir,base,fata,image,500,500,visual_trajectory,stage,1000,500,-0.036817871056919214,4.074892950259062,0.991946,0.9843171612084339,0.982
VisPruner,VQAv2_Open,64,fata_unseen_base_dir,base,fata,image,500,500,projector_trajectory,stage,1000,500,0.1270004319470815,0.8920874652570132,0.693646,0.521139621845804,0.156
VisPruner,VQAv2_Open,64,fata_unseen_base_dir,base,fata,image,500,500,llm_trajectory,stage,1000,500,0.2519017165299499,0.9678120593474266,0.692172,0.4682995072571222,0.078
VisPruner,VQAv2_Open,64,fata_unseen_base_dir,base,fata,image,500,500,all_level_fused,fused,1000,500,0.1140280924733707,1.9782641582878342,0.9477599999999999,0.8851089662454371,0.704
VisPruner,VQAv2_Open,64,cage_aware,cage,cage,image,500,500,vis_l06,layer,1000,500,-0.027651973482221363,4.242027394294738,0.9998900000000001,0.9997850814732596,1.0
VisPruner,VQAv2_Open,64,cage_aware,cage,cage,image,500,500,vis_l12,layer,1000,500,-0.06835233813594095,9.108889880657197,0.999918,0.999837661925254,1.0
VisPruner,VQAv2_Open,64,cage_aware,cage,cage,image,500,500,vis_l18,layer,1000,500,0.0323080265012104,5.624087648391724,0.999506,0.9991101631395495,0.996
VisPruner,VQAv2_Open,64,cage_aware,cage,cage,image,500,500,vis_l24,layer,1000,500,0.17176541433366946,8.871827966213226,0.999772,0.9995345126465529,1.0
VisPruner,VQAv2_Open,64,cage_aware,cage,cage,image,500,500,proj_in,layer,1000,500,0.2521719164764509,7.695271362304688,0.9995200000000001,0.9990739494271721,1.0
VisPruner,VQAv2_Open,64,cage_aware,cage,cage,image,500,500,proj_out,layer,1000,500,0.1170599698494625,5.565080539464951,0.9991460000000001,0.9985334037442559,0.994
VisPruner,VQAv2_Open,64,cage_aware,cage,cage,image,500,500,llm_image_l08,layer,1000,500,0.11666981950472109,6.308581269741058,0.9999060000000001,0.999813415706291,1.0
VisPruner,VQAv2_Open,64,cage_aware,cage,cage,image,500,500,llm_image_l16,layer,1000,500,0.11819410598048126,6.404058145046234,0.999644,0.9993081068444902,1.0
VisPruner,VQAv2_Open,64,cage_aware,cage,cage,image,500,500,llm_image_l24,layer,1000,500,0.2942464226556476,6.759638351917267,0.9999539999999999,0.9999101038756553,1.0
VisPruner,VQAv2_Open,64,cage_aware,cage,cage,image,500,500,llm_image_l32,layer,1000,500,0.1730136157705565,6.137963176250458,0.9962579999999999,0.9930001398109025,0.98
VisPruner,VQAv2_Open,64,cage_aware,cage,cage,image,500,500,visual_trajectory,stage,1000,500,0.017409042088452124,10.291922015245644,1.0,1.0,1.0
VisPruner,VQAv2_Open,64,cage_aware,cage,cage,image,500,500,projector_trajectory,stage,1000,500,0.22135209883584356,7.9494935880053035,0.9999739999999999,0.9999482295715365,1.0
VisPruner,VQAv2_Open,64,cage_aware,cage,cage,image,500,500,llm_trajectory,stage,1000,500,0.20436473937380248,7.109526616554303,0.9999779999999999,0.9999563487339287,1.0
VisPruner,VQAv2_Open,64,cage_aware,cage,cage,image,500,500,all_level_fused,fused,1000,500,0.1477086267660327,8.450314073268418,1.0,1.0,1.0
VisPruner,VQAv2_Open,64,caa_aware,caa,caa,image,500,500,vis_l06,layer,1000,500,-0.0020751395563129334,3.9760837601423265,0.9830339999999999,0.9850739783506024,0.972
VisPruner,VQAv2_Open,64,caa_aware,caa,caa,image,500,500,vis_l12,layer,1000,500,-0.0657681511124174,4.264423431515693,0.960038,0.9693201882792245,0.944
VisPruner,VQAv2_Open,64,caa_aware,caa,caa,image,500,500,vis_l18,layer,1000,500,-0.13841001245810183,3.598523699194193,0.9497199999999999,0.9405209118356408,0.87
VisPruner,VQAv2_Open,64,caa_aware,caa,caa,image,500,500,vis_l24,layer,1000,500,-0.19807941672578455,3.393480969117023,0.930956,0.9163995340528978,0.78
VisPruner,VQAv2_Open,64,caa_aware,caa,caa,image,500,500,proj_in,layer,1000,500,-0.03995799960428849,1.7201159174717031,0.8219040000000001,0.7442909384507801,0.438
VisPruner,VQAv2_Open,64,caa_aware,caa,caa,image,500,500,proj_out,layer,1000,500,-0.0002935558990575373,1.5749404333382846,0.8088479999999999,0.6712009046570863,0.324
VisPruner,VQAv2_Open,64,caa_aware,caa,caa,image,500,500,llm_image_l08,layer,1000,500,0.042694993234588766,1.7405790418779943,0.822434,0.6893816537227262,0.416
VisPruner,VQAv2_Open,64,caa_aware,caa,caa,image,500,500,llm_image_l16,layer,1000,500,0.12797151033068077,1.9364449287410825,0.8279340000000001,0.7096205540544916,0.436
VisPruner,VQAv2_Open,64,caa_aware,caa,caa,image,500,500,llm_image_l24,layer,1000,500,0.2853782400319906,2.020537219121121,0.805894,0.6698622763785365,0.388
VisPruner,VQAv2_Open,64,caa_aware,caa,caa,image,500,500,llm_image_l32,layer,1000,500,0.21000859952217435,1.859963521410944,0.795826,0.6674053647686294,0.3
VisPruner,VQAv2_Open,64,caa_aware,caa,caa,image,500,500,visual_trajectory,stage,1000,500,-0.15148220443822222,5.749364902172923,0.9653239999999998,0.9692276477837307,0.94
VisPruner,VQAv2_Open,64,caa_aware,caa,caa,image,500,500,projector_trajectory,stage,1000,500,-0.021934043049684056,1.7955556396129357,0.826662,0.7298830571761548,0.356
VisPruner,VQAv2_Open,64,caa_aware,caa,caa,image,500,500,llm_trajectory,stage,1000,500,0.22231162625506748,2.371503997240072,0.8350160000000001,0.7179895429794676,0.48
VisPruner,VQAv2_Open,64,caa_aware,caa,caa,image,500,500,all_level_fused,fused,1000,500,0.016298459589053748,3.3054748463419763,0.947884,0.9390189490655392,0.82
VisPruner,VQAv2_Open,64,fata_aware,fata,fata,image,500,500,vis_l06,layer,1000,500,-0.025464978888630866,4.156548258304596,0.9999859999999999,0.9999721349361588,1.0
VisPruner,VQAv2_Open,64,fata_aware,fata,fata,image,500,500,vis_l12,layer,1000,500,-0.06397891649891972,4.576402974605561,0.99492,0.9786814792325428,1.0
VisPruner,VQAv2_Open,64,fata_aware,fata,fata,image,500,500,vis_l18,layer,1000,500,-0.07009672287059948,1.1788356538955123,0.8455440000000001,0.674436704402957,0.324
VisPruner,VQAv2_Open,64,fata_aware,fata,fata,image,500,500,vis_l24,layer,1000,500,-0.17595935712801292,1.1460202173794969,0.764304,0.6714217454654527,0.346
VisPruner,VQAv2_Open,64,fata_aware,fata,fata,image,500,500,proj_in,layer,1000,500,0.009177463682484814,1.230517173201777,0.779674,0.6362446893281839,0.27
VisPruner,VQAv2_Open,64,fata_aware,fata,fata,image,500,500,proj_out,layer,1000,500,-0.0018413301124237478,0.933028444044292,0.723462,0.5721394615179596,0.182
VisPruner,VQAv2_Open,64,fata_aware,fata,fata,image,500,500,llm_image_l08,layer,1000,500,0.07196361956603504,0.9631923626894131,0.710822,0.5601645108320649,0.204
VisPruner,VQAv2_Open,64,fata_aware,fata,fata,image,500,500,llm_image_l16,layer,1000,500,0.08960250865330453,0.9304735627379268,0.6960580000000001,0.5478535578840479,0.222
VisPruner,VQAv2_Open,64,fata_aware,fata,fata,image,500,500,llm_image_l24,layer,1000,500,0.24041086481988896,1.4669175226236693,0.754802,0.6133248077033543,0.218
VisPruner,VQAv2_Open,64,fata_aware,fata,fata,image,500,500,llm_image_l32,layer,1000,500,0.22003415768589185,1.7250413693180309,0.830724,0.6865788235956111,0.238
VisPruner,VQAv2_Open,64,fata_aware,fata,fata,image,500,500,visual_trajectory,stage,1000,500,-0.10042535248161033,3.5957066263305024,0.994236,0.9791354950516392,1.0
VisPruner,VQAv2_Open,64,fata_aware,fata,fata,image,500,500,projector_trajectory,stage,1000,500,0.00403696808730124,1.1905676502028992,0.7681819999999999,0.6230728291681563,0.252
VisPruner,VQAv2_Open,64,fata_aware,fata,fata,image,500,500,llm_trajectory,stage,1000,500,0.1853612431612989,1.4569594463114186,0.7650660000000001,0.6346494340973392,0.238
VisPruner,VQAv2_Open,64,fata_aware,fata,fata,image,500,500,all_level_fused,fused,1000,500,0.02965761958899661,2.08107790761494,0.957812,0.9285852558389154,0.798
VisionZIP,ScienceQA_MC,32,base_sanity,base,base,image,500,500,vis_l06,layer,1000,500,-0.003732591339328792,3.233244236946106,0.9982719999999999,0.9967504609557716,0.994
VisionZIP,ScienceQA_MC,32,base_sanity,base,base,image,500,500,vis_l12,layer,1000,500,0.02001678276329767,4.486126590974629,0.995016,0.9909591876108521,0.99
VisionZIP,ScienceQA_MC,32,base_sanity,base,base,image,500,500,vis_l18,layer,1000,500,0.003010774973779917,1.957409671470523,0.9058339999999999,0.8168465995010287,0.504
VisionZIP,ScienceQA_MC,32,base_sanity,base,base,image,500,500,vis_l24,layer,1000,500,-0.01513033684680704,3.7347524046599867,0.979944,0.9681093084091184,0.906
VisionZIP,ScienceQA_MC,32,base_sanity,base,base,image,500,500,proj_in,layer,1000,500,-0.011104662714758889,3.0754657604694366,0.956034,0.9151634083257262,0.74
VisionZIP,ScienceQA_MC,32,base_sanity,base,base,image,500,500,proj_out,layer,1000,500,0.05036422463294002,1.239485444070364,0.832744,0.6728702128644422,0.406
VisionZIP,ScienceQA_MC,32,base_sanity,base,base,image,500,500,llm_image_l08,layer,1000,500,0.056546243786462586,1.1201649925910169,0.8359779999999999,0.6717258713629819,0.358
VisionZIP,ScienceQA_MC,32,base_sanity,base,base,image,500,500,llm_image_l16,layer,1000,500,0.04730829870811431,0.9925431646801298,0.803148,0.6315649471934448,0.24
VisionZIP,ScienceQA_MC,32,base_sanity,base,base,image,500,500,llm_image_l24,layer,1000,500,0.043635844883639946,1.001995749861002,0.7757559999999999,0.6085651232624939,0.238
VisionZIP,ScienceQA_MC,32,base_sanity,base,base,image,500,500,llm_image_l32,layer,1000,500,0.023391764553030953,1.7205349748656154,0.887284,0.7552295973319418,0.492
VisionZIP,ScienceQA_MC,32,base_sanity,base,base,image,500,500,visual_trajectory,stage,1000,500,0.007487558017921629,5.467226388403708,0.9987180000000001,0.9973436053413159,0.998
VisionZIP,ScienceQA_MC,32,base_sanity,base,base,image,500,500,projector_trajectory,stage,1000,500,0.021923138656694367,2.4095338455285273,0.927686,0.8301693591424977,0.664
VisionZIP,ScienceQA_MC,32,base_sanity,base,base,image,500,500,llm_trajectory,stage,1000,500,0.04468428410629641,1.165596227225569,0.8263200000000002,0.6647004930926179,0.328
VisionZIP,ScienceQA_MC,32,base_sanity,base,base,image,500,500,all_level_fused,fused,1000,500,0.024698326926970795,3.0141188203859346,0.9778060000000001,0.9421528545668184,0.89
VisionZIP,ScienceQA_MC,32,cage_unseen_base_dir,base,cage,image,500,500,vis_l06,layer,1000,500,-0.003732591339328792,3.4100588204860687,0.99894,0.9980940546379922,0.994
VisionZIP,ScienceQA_MC,32,cage_unseen_base_dir,base,cage,image,500,500,vis_l12,layer,1000,500,0.02001678276329767,6.025264906585217,0.99873,0.9981409396183454,0.998
VisionZIP,ScienceQA_MC,32,cage_unseen_base_dir,base,cage,image,500,500,vis_l18,layer,1000,500,0.003010774973779917,2.673230935961008,0.954198,0.9087876279918886,0.652
VisionZIP,ScienceQA_MC,32,cage_unseen_base_dir,base,cage,image,500,500,vis_l24,layer,1000,500,-0.01513033684680704,2.4854750919938087,0.9783040000000001,0.9484669248683497,0.894
VisionZIP,ScienceQA_MC,32,cage_unseen_base_dir,base,cage,image,500,500,proj_in,layer,1000,500,-0.011104662714758889,1.736508709449321,0.9072919999999999,0.7603466380003828,0.37
VisionZIP,ScienceQA_MC,32,cage_unseen_base_dir,base,cage,image,500,500,proj_out,layer,1000,500,0.05036422463294002,0.8147022808599286,0.7357159999999999,0.5513008569481553,0.182
VisionZIP,ScienceQA_MC,32,cage_unseen_base_dir,base,cage,image,500,500,llm_image_l08,layer,1000,500,0.056546243786462586,0.6978284124394413,0.717246,0.5277342869677331,0.148
VisionZIP,ScienceQA_MC,32,cage_unseen_base_dir,base,cage,image,500,500,llm_image_l16,layer,1000,500,0.04730829870811431,0.6234029630693548,0.6847179999999999,0.491519458288007,0.126
VisionZIP,ScienceQA_MC,32,cage_unseen_base_dir,base,cage,image,500,500,llm_image_l24,layer,1000,500,0.043635844883639946,0.6951444545364066,0.682932,0.4996059045859863,0.132
VisionZIP,ScienceQA_MC,32,cage_unseen_base_dir,base,cage,image,500,500,llm_image_l32,layer,1000,500,0.023391764553030953,1.3894766904078424,0.853758,0.6983412525316146,0.294
VisionZIP,ScienceQA_MC,32,cage_unseen_base_dir,base,cage,image,500,500,visual_trajectory,stage,1000,500,0.007487558017921629,6.413753057607093,0.9998800000000001,0.9997581229559562,1.0
VisionZIP,ScienceQA_MC,32,cage_unseen_base_dir,base,cage,image,500,500,projector_trajectory,stage,1000,500,0.021923138656694367,1.4246347060163869,0.8798240000000002,0.707784520368785,0.272
VisionZIP,ScienceQA_MC,32,cage_unseen_base_dir,base,cage,image,500,500,llm_trajectory,stage,1000,500,0.04468428410629641,0.8062843190934539,0.735028,0.5472450081317295,0.144
VisionZIP,ScienceQA_MC,32,cage_unseen_base_dir,base,cage,image,500,500,all_level_fused,fused,1000,500,0.024698326926970795,2.8815573609056444,0.978232,0.9320922920938841,0.958
VisionZIP,ScienceQA_MC,32,caa_unseen_base_dir,base,caa,image,500,496,vis_l06,layer,992,496,-0.0045624927611389735,1.0569006818789808,0.8067991512747137,0.6489057600687413,0.18951612903225806
VisionZIP,ScienceQA_MC,32,caa_unseen_base_dir,base,caa,image,500,496,vis_l12,layer,992,496,0.013224726140775132,3.1627777912857007,0.9514828303850156,0.9340702575881592,0.8689516129032258
VisionZIP,ScienceQA_MC,32,caa_unseen_base_dir,base,caa,image,500,496,vis_l18,layer,992,496,0.007380845387571401,1.4518324967563874,0.8590803037200833,0.6915065896630124,0.31451612903225806
VisionZIP,ScienceQA_MC,32,caa_unseen_base_dir,base,caa,image,500,496,vis_l24,layer,992,496,-0.007642562827494394,1.1764235542683426,0.7871439255983351,0.6765591013561163,0.3911290322580645
VisionZIP,ScienceQA_MC,32,caa_unseen_base_dir,base,caa,image,500,496,proj_in,layer,992,496,-0.00435962211486185,0.44856913605303084,0.6464823426118627,0.45423677739169804,0.08266129032258064
VisionZIP,ScienceQA_MC,32,caa_unseen_base_dir,base,caa,image,500,496,proj_out,layer,992,496,0.0533579889012887,2.6179387529320532,0.8518450019510926,0.7912115432051507,0.6330645161290323
VisionZIP,ScienceQA_MC,32,caa_unseen_base_dir,base,caa,image,500,496,llm_image_l08,layer,992,496,0.05971158561242778,2.5716142207941544,0.8450812142299688,0.7813087173443396,0.6149193548387096
VisionZIP,ScienceQA_MC,32,caa_unseen_base_dir,base,caa,image,500,496,llm_image_l16,layer,992,496,0.05099000975661188,2.567870696332501,0.8517413501560873,0.7910396994942992,0.6270161290322581
VisionZIP,ScienceQA_MC,32,caa_unseen_base_dir,base,caa,image,500,496,llm_image_l24,layer,992,496,0.04739082735110764,2.3248773196847328,0.8615090075442248,0.8084384229207731,0.655241935483871
VisionZIP,ScienceQA_MC,32,caa_unseen_base_dir,base,caa,image,500,496,llm_image_l32,layer,992,496,0.028619975060263963,2.466648155551088,0.8845075117065557,0.8222105574198431,0.625
VisionZIP,ScienceQA_MC,32,caa_unseen_base_dir,base,caa,image,500,496,visual_trajectory,stage,992,496,0.00798702759087659,3.156288553254407,0.9701360887096775,0.9371188562227721,0.8830645161290323
VisionZIP,ScienceQA_MC,32,caa_unseen_base_dir,base,caa,image,500,496,projector_trajectory,stage,992,496,0.027361434193203603,1.712384266866828,0.8448698458636836,0.715337297941059,0.4415322580645161
VisionZIP,ScienceQA_MC,32,caa_unseen_base_dir,base,caa,image,500,496,llm_trajectory,stage,992,496,0.04865510974503184,2.529879800192012,0.8624967481789803,0.8037803309745538,0.6491935483870968
VisionZIP,ScienceQA_MC,32,caa_unseen_base_dir,base,caa,image,500,496,all_level_fused,fused,992,496,0.028001190509704003,2.4661842067710826,0.9417578531477626,0.8892316966162871,0.7056451612903226
VisionZIP,ScienceQA_MC,32,fata_unseen_base_dir,base,fata,image,500,500,vis_l06,layer,1000,500,-0.003732591339328792,3.1267468540668486,0.9976,0.9954356796435075,0.988
VisionZIP,ScienceQA_MC,32,fata_unseen_base_dir,base,fata,image,500,500,vis_l12,layer,1000,500,0.02001678276329767,3.0359812271595,0.972756,0.9511241454915934,0.92
VisionZIP,ScienceQA_MC,32,fata_unseen_base_dir,base,fata,image,500,500,vis_l18,layer,1000,500,0.003010774973779917,1.1413064066320657,0.800546,0.6052550905453541,0.29
VisionZIP,ScienceQA_MC,32,fata_unseen_base_dir,base,fata,image,500,500,vis_l24,layer,1000,500,-0.01513033684680704,0.906248619990889,0.75198,0.5827838865004324,0.246
VisionZIP,ScienceQA_MC,32,fata_unseen_base_dir,base,fata,image,500,500,proj_in,layer,1000,500,-0.011104662714758889,0.7321185822486878,0.728294,0.5234185175566672,0.13
VisionZIP,ScienceQA_MC,32,fata_unseen_base_dir,base,fata,image,500,500,proj_out,layer,1000,500,0.05036422463294002,0.7276580107333138,0.707216,0.5242125522977916,0.182
VisionZIP,ScienceQA_MC,32,fata_unseen_base_dir,base,fata,image,500,500,llm_image_l08,layer,1000,500,0.056546243786462586,0.7467277693091892,0.723002,0.5465196579001429,0.178
VisionZIP,ScienceQA_MC,32,fata_unseen_base_dir,base,fata,image,500,500,llm_image_l16,layer,1000,500,0.04730829870811431,0.8018007602051366,0.7291799999999999,0.5596880828337497,0.18
VisionZIP,ScienceQA_MC,32,fata_unseen_base_dir,base,fata,image,500,500,llm_image_l24,layer,1000,500,0.043635844883639946,0.9283201262298971,0.7451019999999999,0.582340122589795,0.226
VisionZIP,ScienceQA_MC,32,fata_unseen_base_dir,base,fata,image,500,500,llm_image_l32,layer,1000,500,0.023391764553030953,1.1226253535659052,0.799188,0.6282946446011266,0.254
VisionZIP,ScienceQA_MC,32,fata_unseen_base_dir,base,fata,image,500,500,visual_trajectory,stage,1000,500,0.007487558017921629,3.4110006432681748,0.9853820000000001,0.9607193864920125,0.968
VisionZIP,ScienceQA_MC,32,fata_unseen_base_dir,base,fata,image,500,500,projector_trajectory,stage,1000,500,0.021923138656694367,0.8151612755823492,0.7433000000000001,0.5483435505793004,0.132
VisionZIP,ScienceQA_MC,32,fata_unseen_base_dir,base,fata,image,500,500,llm_trajectory,stage,1000,500,0.04468428410629641,0.9095692254879777,0.753226,0.5857115801893588,0.22
VisionZIP,ScienceQA_MC,32,fata_unseen_base_dir,base,fata,image,500,500,all_level_fused,fused,1000,500,0.024698326926970795,1.7119103814461674,0.9307059999999999,0.8017314945662062,0.47
VisionZIP,ScienceQA_MC,32,cage_aware,cage,cage,image,500,500,vis_l06,layer,1000,500,-0.002291605405509472,3.4959759464263915,0.998348,0.9969586423246448,0.992
VisionZIP,ScienceQA_MC,32,cage_aware,cage,cage,image,500,500,vis_l12,layer,1000,500,0.03205394811928272,4.841782334327697,0.998062,0.9947808559024808,0.998
VisionZIP,ScienceQA_MC,32,cage_aware,cage,cage,image,500,500,vis_l18,layer,1000,500,0.029990831524133683,2.803937471985817,0.9963420000000001,0.9928623025123573,0.99
VisionZIP,ScienceQA_MC,32,cage_aware,cage,cage,image,500,500,vis_l24,layer,1000,500,-0.030287961479423756,4.140830502033234,0.9994559999999999,0.9989815541441596,0.998
VisionZIP,ScienceQA_MC,32,cage_aware,cage,cage,image,500,500,proj_in,layer,1000,500,-0.011373915312578902,4.296460774421692,0.99671,0.9932546685599454,0.994
VisionZIP,ScienceQA_MC,32,cage_aware,cage,cage,image,500,500,proj_out,layer,1000,500,0.05770429100221372,2.8720345047488807,0.944634,0.8572754925359211,0.696
VisionZIP,ScienceQA_MC,32,cage_aware,cage,cage,image,500,500,llm_image_l08,layer,1000,500,0.05505753512616502,2.7600814193710685,0.944646,0.8422000507269684,0.692
VisionZIP,ScienceQA_MC,32,cage_aware,cage,cage,image,500,500,llm_image_l16,layer,1000,500,0.045154103037872116,2.291477819491527,0.937176,0.8140275262768065,0.616
VisionZIP,ScienceQA_MC,32,cage_aware,cage,cage,image,500,500,llm_image_l24,layer,1000,500,0.03831556057208218,2.8211852726787328,0.949252,0.8477095873836406,0.67
VisionZIP,ScienceQA_MC,32,cage_aware,cage,cage,image,500,500,llm_image_l32,layer,1000,500,0.03344009873503819,2.892300681531429,0.979776,0.951918436853468,0.884
VisionZIP,ScienceQA_MC,32,cage_aware,cage,cage,image,500,500,visual_trajectory,stage,1000,500,0.01897804167273557,4.7550342845188345,0.999868,0.9997422922096644,1.0
VisionZIP,ScienceQA_MC,32,cage_aware,cage,cage,image,500,500,projector_trajectory,stage,1000,500,0.027822177869369167,4.30480535658966,0.983086,0.9500790439753538,0.944
VisionZIP,ScienceQA_MC,32,cage_aware,cage,cage,image,500,500,llm_trajectory,stage,1000,500,0.04722745228527331,2.9356116997850665,0.9535779999999999,0.8538238524231939,0.7
VisionZIP,ScienceQA_MC,32,cage_aware,cage,cage,image,500,500,all_level_fused,fused,1000,500,0.03134255727579269,3.9984837802978537,0.99038,0.9720767582291393,0.99
VisionZIP,ScienceQA_MC,32,caa_aware,caa,caa,image,494,496,vis_l06,layer,992,496,-0.0018534189279190258,3.4617708727760585,0.9509442475286161,0.94993559987347,0.8911290322580645
VisionZIP,ScienceQA_MC,32,caa_aware,caa,caa,image,494,496,vis_l12,layer,992,496,-0.022467134522131463,2.2936463031519745,0.8755019998699272,0.8942349472691197,0.8145161290322581
VisionZIP,ScienceQA_MC,32,caa_aware,caa,caa,image,494,496,vis_l18,layer,992,496,-0.007734245243256972,3.120493257393865,0.8678520909209159,0.8714179451022467,0.7379032258064516
VisionZIP,ScienceQA_MC,32,caa_aware,caa,caa,image,494,496,vis_l24,layer,992,496,0.014496906084757703,3.7481338856765256,0.8766442020031218,0.8721828629325796,0.7419354838709677
VisionZIP,ScienceQA_MC,32,caa_aware,caa,caa,image,494,496,proj_in,layer,992,496,0.02884185485038782,3.5348668090694946,0.8165281932882413,0.8059021496354719,0.6532258064516129
VisionZIP,ScienceQA_MC,32,caa_aware,caa,caa,image,494,496,proj_out,layer,992,496,0.06056972934786773,3.227894945695645,0.8345493789021852,0.7971085183167537,0.6330645161290323
VisionZIP,ScienceQA_MC,32,caa_aware,caa,caa,image,494,496,llm_image_l08,layer,992,496,0.06332568589266063,3.175583942501802,0.8299683760405827,0.7886528484717183,0.6310483870967742
VisionZIP,ScienceQA_MC,32,caa_aware,caa,caa,image,494,496,llm_image_l16,layer,992,496,0.05507419807802381,2.8503582633081437,0.8483005170395421,0.8010288900251126,0.6310483870967742
VisionZIP,ScienceQA_MC,32,caa_aware,caa,caa,image,494,496,llm_image_l24,layer,992,496,0.04794723013154937,2.5468786272321884,0.8620232017429762,0.815584885784575,0.6673387096774194
VisionZIP,ScienceQA_MC,32,caa_aware,caa,caa,image,494,496,llm_image_l32,layer,992,496,0.02219090711631936,2.8677661679638176,0.8619845863683663,0.8232232067075447,0.6673387096774194
VisionZIP,ScienceQA_MC,32,caa_aware,caa,caa,image,494,496,visual_trajectory,stage,992,496,-0.009609329050677384,3.6293444041813587,0.8988846253902185,0.9083366108811093,0.8366935483870968
VisionZIP,ScienceQA_MC,32,caa_aware,caa,caa,image,494,496,projector_trajectory,stage,992,496,0.0462075598157944,3.4949683023880733,0.8261739073881373,0.8034872864179214,0.6411290322580645
VisionZIP,ScienceQA_MC,32,caa_aware,caa,caa,image,494,496,llm_trajectory,stage,992,496,0.049913561806712164,2.8825535895163874,0.8561211465920915,0.8116357751572773,0.655241935483871
VisionZIP,ScienceQA_MC,32,caa_aware,caa,caa,image,494,496,all_level_fused,fused,992,496,0.028837264190609734,3.3356220986952727,0.8732054012747137,0.8610793530170789,0.7419354838709677
VisionZIP,ScienceQA_MC,32,fata_aware,fata,fata,image,500,500,vis_l06,layer,1000,500,-0.006557829320430756,3.2929330883026124,0.998826,0.9977076834001357,0.998
VisionZIP,ScienceQA_MC,32,fata_aware,fata,fata,image,500,500,vis_l12,layer,1000,500,-0.025257780698186252,4.103066827364266,0.9861699999999999,0.9687336386477785,0.938
VisionZIP,ScienceQA_MC,32,fata_aware,fata,fata,image,500,500,vis_l18,layer,1000,500,-0.003742008201603312,1.413631141721271,0.839099,0.676937297207021,0.316
VisionZIP,ScienceQA_MC,32,fata_aware,fata,fata,image,500,500,vis_l24,layer,1000,500,0.004851003759074956,1.2015033702682705,0.7962000000000001,0.7097998630002631,0.46
VisionZIP,ScienceQA_MC,32,fata_aware,fata,fata,image,500,500,proj_in,layer,1000,500,0.019487052768818104,1.2832330354247241,0.803496,0.6632258455323721,0.394
VisionZIP,ScienceQA_MC,32,fata_aware,fata,fata,image,500,500,proj_out,layer,1000,500,0.053550972001045014,0.7921436708028196,0.7099639999999999,0.5322029820447302,0.224
VisionZIP,ScienceQA_MC,32,fata_aware,fata,fata,image,500,500,llm_image_l08,layer,1000,500,0.05410646571379039,0.8867522125905379,0.7382679999999999,0.5715223709387928,0.238
VisionZIP,ScienceQA_MC,32,fata_aware,fata,fata,image,500,500,llm_image_l16,layer,1000,500,0.04568996656959644,0.8895445225292351,0.7366339999999999,0.5753416086638454,0.23
VisionZIP,ScienceQA_MC,32,fata_aware,fata,fata,image,500,500,llm_image_l24,layer,1000,500,0.0391382442919421,0.972701401194674,0.7499020000000001,0.5918591826316613,0.26
VisionZIP,ScienceQA_MC,32,fata_aware,fata,fata,image,500,500,llm_image_l32,layer,1000,500,0.026102130350307562,1.268740835074801,0.822686,0.667205031347381,0.286
VisionZIP,ScienceQA_MC,32,fata_aware,fata,fata,image,500,500,visual_trajectory,stage,1000,500,-0.013361307414977317,3.4748678291233905,0.986468,0.9659302113084112,0.96
VisionZIP,ScienceQA_MC,32,fata_aware,fata,fata,image,500,500,projector_trajectory,stage,1000,500,0.03803349770964135,1.0807225069000896,0.7694580000000001,0.6068207600756106,0.332
VisionZIP,ScienceQA_MC,32,fata_aware,fata,fata,image,500,500,llm_trajectory,stage,1000,500,0.042790075760968604,1.006963652447478,0.765782,0.6066888363801165,0.26
VisionZIP,ScienceQA_MC,32,fata_aware,fata,fata,image,500,500,all_level_fused,fused,1000,500,0.022487422018544215,1.8541846628236527,0.928356,0.8221937321007134,0.65
VisionZIP,TextVQA_Open,64,base_sanity,base,base,image,500,500,vis_l06,layer,1000,500,0.00590861951559782,4.017417019367218,0.9998980000000001,0.999805811728426,1.0
VisionZIP,TextVQA_Open,64,base_sanity,base,base,image,500,500,vis_l12,layer,1000,500,-0.023344911770080218,4.135136439323425,0.9762860000000001,0.9693608327694678,0.956
VisionZIP,TextVQA_Open,64,base_sanity,base,base,image,500,500,vis_l18,layer,1000,500,0.018641448749112898,2.1876230252534152,0.950512,0.8622883138998952,0.754
VisionZIP,TextVQA_Open,64,base_sanity,base,base,image,500,500,vis_l24,layer,1000,500,-0.035656158953395786,2.392631549783051,0.949654,0.9207428090748766,0.794
VisionZIP,TextVQA_Open,64,base_sanity,base,base,image,500,500,proj_in,layer,1000,500,-0.02113944728556089,2.936788423165679,0.955722,0.9304660663104249,0.828
VisionZIP,TextVQA_Open,64,base_sanity,base,base,image,500,500,proj_out,layer,1000,500,-0.04201371344107611,1.663050116468221,0.8651340000000001,0.7849063477131855,0.528
VisionZIP,TextVQA_Open,64,base_sanity,base,base,image,500,500,llm_image_l08,layer,1000,500,-0.054558652796782556,1.7298252046388807,0.8724099999999999,0.790933903881282,0.546
VisionZIP,TextVQA_Open,64,base_sanity,base,base,image,500,500,llm_image_l16,layer,1000,500,-0.05926104164352,1.5553906602310017,0.85808,0.7656115955169178,0.518
VisionZIP,TextVQA_Open,64,base_sanity,base,base,image,500,500,llm_image_l24,layer,1000,500,-0.07139778774476145,1.344584637682885,0.8493199999999999,0.7497343811252577,0.45
VisionZIP,TextVQA_Open,64,base_sanity,base,base,image,500,500,llm_image_l32,layer,1000,500,-0.05704887501883786,1.6803260320434348,0.90302,0.8550665917411523,0.63
VisionZIP,TextVQA_Open,64,base_sanity,base,base,image,500,500,visual_trajectory,stage,1000,500,-0.008582576844006767,4.176932857396317,0.990286,0.9795528066882057,0.982
VisionZIP,TextVQA_Open,64,base_sanity,base,base,image,500,500,projector_trajectory,stage,1000,500,-0.03290265953964647,2.396505784078109,0.929592,0.8904790951958073,0.746
VisionZIP,TextVQA_Open,64,base_sanity,base,base,image,500,500,llm_trajectory,stage,1000,500,-0.06319715428898875,1.5607747615788166,0.8698720000000001,0.7857259557426375,0.524
VisionZIP,TextVQA_Open,64,base_sanity,base,base,image,500,500,all_level_fused,fused,1000,500,-0.034894130224214,2.7114044676844142,0.969268,0.9485261408655107,0.92
VisionZIP,TextVQA_Open,64,cage_unseen_base_dir,base,cage,image,500,500,vis_l06,layer,1000,500,0.00590861951559782,4.093320518493653,0.999878,0.9997673976244216,1.0
VisionZIP,TextVQA_Open,64,cage_unseen_base_dir,base,cage,image,500,500,vis_l12,layer,1000,500,-0.023344911770080218,5.4951318182349205,0.9887959999999999,0.9868345668902142,0.976
VisionZIP,TextVQA_Open,64,cage_unseen_base_dir,base,cage,image,500,500,vis_l18,layer,1000,500,0.018641448749112898,3.6410171883106233,0.9880979999999999,0.9606260625805434,0.968
VisionZIP,TextVQA_Open,64,cage_unseen_base_dir,base,cage,image,500,500,vis_l24,layer,1000,500,-0.035656158953395786,1.9989714642837644,0.9351799999999999,0.8809704343992937,0.686
VisionZIP,TextVQA_Open,64,cage_unseen_base_dir,base,cage,image,500,500,proj_in,layer,1000,500,-0.02113944728556089,2.0181121651530267,0.91585,0.8464961886902065,0.64
VisionZIP,TextVQA_Open,64,cage_unseen_base_dir,base,cage,image,500,500,proj_out,layer,1000,500,-0.04201371344107611,1.229264911279548,0.8088820000000001,0.6860595975919441,0.332
VisionZIP,TextVQA_Open,64,cage_unseen_base_dir,base,cage,image,500,500,llm_image_l08,layer,1000,500,-0.054558652796782556,1.2843737173089758,0.8162659999999999,0.6959741332324545,0.372
VisionZIP,TextVQA_Open,64,cage_unseen_base_dir,base,cage,image,500,500,llm_image_l16,layer,1000,500,-0.05926104164352,1.230798622712493,0.811566,0.6838444406145471,0.368
VisionZIP,TextVQA_Open,64,cage_unseen_base_dir,base,cage,image,500,500,llm_image_l24,layer,1000,500,-0.07139778774476145,1.2077716854272875,0.825628,0.7025191323290831,0.348
VisionZIP,TextVQA_Open,64,cage_unseen_base_dir,base,cage,image,500,500,llm_image_l32,layer,1000,500,-0.05704887501883786,1.3690525804087519,0.871868,0.786120268563987,0.47
VisionZIP,TextVQA_Open,64,cage_unseen_base_dir,base,cage,image,500,500,visual_trajectory,stage,1000,500,-0.008582576844006767,5.340657348720746,0.996856,0.9939416532970751,0.99
VisionZIP,TextVQA_Open,64,cage_unseen_base_dir,base,cage,image,500,500,projector_trajectory,stage,1000,500,-0.03290265953964647,1.6918763295339632,0.8819959999999999,0.7966485857513356,0.554
VisionZIP,TextVQA_Open,64,cage_unseen_base_dir,base,cage,image,500,500,llm_trajectory,stage,1000,500,-0.06319715428898875,1.2761551383692369,0.83141,0.7119487217269519,0.39
VisionZIP,TextVQA_Open,64,cage_unseen_base_dir,base,cage,image,500,500,all_level_fused,fused,1000,500,-0.034894130224214,2.7695629388746483,0.975316,0.9544380481983563,0.918
VisionZIP,TextVQA_Open,64,caa_unseen_base_dir,base,caa,image,500,500,vis_l06,layer,1000,500,0.00590861951559782,1.832750878007151,0.952234,0.9191510327792909,0.824
VisionZIP,TextVQA_Open,64,caa_unseen_base_dir,base,caa,image,500,500,vis_l12,layer,1000,500,-0.023344911770080218,3.043240266340785,0.934992,0.9171009564783761,0.884
VisionZIP,TextVQA_Open,64,caa_unseen_base_dir,base,caa,image,500,500,vis_l18,layer,1000,500,0.018641448749112898,1.9041333102505886,0.914716,0.8120405074066673,0.632
VisionZIP,TextVQA_Open,64,caa_unseen_base_dir,base,caa,image,500,500,vis_l24,layer,1000,500,-0.035656158953395786,1.8854619037304075,0.852502,0.8094745566105205,0.58
VisionZIP,TextVQA_Open,64,caa_unseen_base_dir,base,caa,image,500,500,proj_in,layer,1000,500,-0.02113944728556089,1.4493029829246225,0.7939340000000001,0.7166649492975,0.452
VisionZIP,TextVQA_Open,64,caa_unseen_base_dir,base,caa,image,500,500,proj_out,layer,1000,500,-0.04201371344107611,2.573443642169237,0.85748,0.8276612279418413,0.614
VisionZIP,TextVQA_Open,64,caa_unseen_base_dir,base,caa,image,500,500,llm_image_l08,layer,1000,500,-0.054558652796782556,2.9243883734308183,0.8622580000000001,0.833695622789979,0.638
VisionZIP,TextVQA_Open,64,caa_unseen_base_dir,base,caa,image,500,500,llm_image_l16,layer,1000,500,-0.05926104164352,2.790699340059422,0.86646,0.8388924706438508,0.656
VisionZIP,TextVQA_Open,64,caa_unseen_base_dir,base,caa,image,500,500,llm_image_l24,layer,1000,500,-0.07139778774476145,2.307590478438884,0.8835239999999999,0.8577365680424508,0.658
VisionZIP,TextVQA_Open,64,caa_unseen_base_dir,base,caa,image,500,500,llm_image_l32,layer,1000,500,-0.05704887501883786,1.9764203833979554,0.8675120000000001,0.8353288712827165,0.586
VisionZIP,TextVQA_Open,64,caa_unseen_base_dir,base,caa,image,500,500,visual_trajectory,stage,1000,500,-0.008582576844006767,2.9839268527913982,0.956196,0.9261571533505111,0.906
VisionZIP,TextVQA_Open,64,caa_unseen_base_dir,base,caa,image,500,500,projector_trajectory,stage,1000,500,-0.03290265953964647,2.0958421629486295,0.8370719999999999,0.7961511873123105,0.564
VisionZIP,TextVQA_Open,64,caa_unseen_base_dir,base,caa,image,500,500,llm_trajectory,stage,1000,500,-0.06319715428898875,2.558454097887067,0.873976,0.8466045273851271,0.642
VisionZIP,TextVQA_Open,64,caa_unseen_base_dir,base,caa,image,500,500,all_level_fused,fused,1000,500,-0.034894130224214,2.5460743712090315,0.9150400000000001,0.8919361637083498,0.766
VisionZIP,TextVQA_Open,64,fata_unseen_base_dir,base,fata,image,500,500,vis_l06,layer,1000,500,0.00590861951559782,3.9533001132011414,0.999824,0.9996707103039332,1.0
VisionZIP,TextVQA_Open,64,fata_unseen_base_dir,base,fata,image,500,500,vis_l12,layer,1000,500,-0.023344911770080218,2.568674142330885,0.94935,0.9019789212693985,0.902
VisionZIP,TextVQA_Open,64,fata_unseen_base_dir,base,fata,image,500,500,vis_l18,layer,1000,500,0.018641448749112898,1.2785605729110538,0.8562400000000001,0.6859988682855995,0.304
VisionZIP,TextVQA_Open,64,fata_unseen_base_dir,base,fata,image,500,500,vis_l24,layer,1000,500,-0.035656158953395786,0.9186436540130526,0.7633420000000001,0.6128077261224176,0.278
VisionZIP,TextVQA_Open,64,fata_unseen_base_dir,base,fata,image,500,500,proj_in,layer,1000,500,-0.02113944728556089,0.8956998038589954,0.7435559999999999,0.5833638653942202,0.27
VisionZIP,TextVQA_Open,64,fata_unseen_base_dir,base,fata,image,500,500,proj_out,layer,1000,500,-0.04201371344107611,0.6954458766032476,0.6948559999999999,0.5426220303833802,0.214
VisionZIP,TextVQA_Open,64,fata_unseen_base_dir,base,fata,image,500,500,llm_image_l08,layer,1000,500,-0.054558652796782556,0.7323208322767168,0.707668,0.5549682489663964,0.228
VisionZIP,TextVQA_Open,64,fata_unseen_base_dir,base,fata,image,500,500,llm_image_l16,layer,1000,500,-0.05926104164352,0.7347896240283736,0.711232,0.5555755523980983,0.258
VisionZIP,TextVQA_Open,64,fata_unseen_base_dir,base,fata,image,500,500,llm_image_l24,layer,1000,500,-0.07139778774476145,0.7871632319949567,0.735738,0.5785200368745631,0.236
VisionZIP,TextVQA_Open,64,fata_unseen_base_dir,base,fata,image,500,500,llm_image_l32,layer,1000,500,-0.05704887501883786,0.7443279264678131,0.7330299999999998,0.5835050418402815,0.222
VisionZIP,TextVQA_Open,64,fata_unseen_base_dir,base,fata,image,500,500,visual_trajectory,stage,1000,500,-0.008582576844006767,2.7545264179693802,0.97807,0.9325283466529357,0.946
VisionZIP,TextVQA_Open,64,fata_unseen_base_dir,base,fata,image,500,500,projector_trajectory,stage,1000,500,-0.03290265953964647,0.8289834065969481,0.726934,0.5762855728903044,0.272
VisionZIP,TextVQA_Open,64,fata_unseen_base_dir,base,fata,image,500,500,llm_trajectory,stage,1000,500,-0.06319715428898875,0.7660683292184828,0.7253,0.5702470495614952,0.246
VisionZIP,TextVQA_Open,64,fata_unseen_base_dir,base,fata,image,500,500,all_level_fused,fused,1000,500,-0.034894130224214,1.4498593845949372,0.8833959999999998,0.7828056170648451,0.544
VisionZIP,TextVQA_Open,64,cage_aware,cage,cage,image,500,500,vis_l06,layer,1000,500,0.010573293812572956,4.058650348186493,0.999682,0.9994065052935919,0.998
VisionZIP,TextVQA_Open,64,cage_aware,cage,cage,image,500,500,vis_l12,layer,1000,500,-0.015376981955865631,5.581536809625104,0.993216,0.9884164135006729,0.988
VisionZIP,TextVQA_Open,64,cage_aware,cage,cage,image,500,500,vis_l18,layer,1000,500,0.0242473151658196,3.700019836910069,0.986216,0.9708358770265327,0.962
VisionZIP,TextVQA_Open,64,cage_aware,cage,cage,image,500,500,vis_l24,layer,1000,500,0.003297800079220906,4.102008171617984,0.98954,0.9810578432475975,0.95
VisionZIP,TextVQA_Open,64,cage_aware,cage,cage,image,500,500,proj_in,layer,1000,500,-0.015280972871143604,4.67379949003458,0.98996,0.9829770665055185,0.952
VisionZIP,TextVQA_Open,64,cage_aware,cage,cage,image,500,500,proj_out,layer,1000,500,-0.027051930290530435,2.610644758526236,0.9317259999999999,0.8914830850231337,0.754
VisionZIP,TextVQA_Open,64,cage_aware,cage,cage,image,500,500,llm_image_l08,layer,1000,500,-0.029307716463226826,2.752902551688254,0.9373319999999999,0.8933308916532147,0.77
VisionZIP,TextVQA_Open,64,cage_aware,cage,cage,image,500,500,llm_image_l16,layer,1000,500,-0.042311085573281164,2.272996699217707,0.922018,0.8625062208219749,0.686
VisionZIP,TextVQA_Open,64,cage_aware,cage,cage,image,500,500,llm_image_l24,layer,1000,500,-0.06821903981664218,1.9693554962165654,0.924446,0.8661172468006044,0.67
VisionZIP,TextVQA_Open,64,cage_aware,cage,cage,image,500,500,llm_image_l32,layer,1000,500,-0.02876288391230628,3.3448372521400453,0.9885860000000001,0.9767024031314414,0.954
VisionZIP,TextVQA_Open,64,cage_aware,cage,cage,image,500,500,visual_trajectory,stage,1000,500,0.006626159320135741,5.601582071481997,0.997042,0.9943279675870675,0.992
VisionZIP,TextVQA_Open,64,cage_aware,cage,cage,image,500,500,projector_trajectory,stage,1000,500,-0.022379199791735343,3.850906385925007,0.9761420000000001,0.9629586005032401,0.906
VisionZIP,TextVQA_Open,64,cage_aware,cage,cage,image,500,500,llm_trajectory,stage,1000,500,-0.048070686321002906,2.511324488965734,0.951964,0.9104137605078461,0.808
VisionZIP,TextVQA_Open,64,cage_aware,cage,cage,image,500,500,all_level_fused,fused,1000,500,-0.02127457559753416,3.987937648790912,0.990746,0.9835944836884206,0.962
VisionZIP,TextVQA_Open,64,caa_aware,caa,caa,image,500,500,vis_l06,layer,1000,500,0.031853193500079216,3.7496074985414745,0.9776400000000001,0.9780759465938158,0.958
VisionZIP,TextVQA_Open,64,caa_aware,caa,caa,image,500,500,vis_l12,layer,1000,500,-0.039918977090739646,3.0859294045399874,0.910712,0.9274155589541015,0.874
VisionZIP,TextVQA_Open,64,caa_aware,caa,caa,image,500,500,vis_l18,layer,1000,500,0.021099355952697806,3.0288115086792966,0.912984,0.9026783021412383,0.81
VisionZIP,TextVQA_Open,64,caa_aware,caa,caa,image,500,500,vis_l24,layer,1000,500,-0.09364444932166953,2.435649448281154,0.871344,0.8535844532631415,0.652
VisionZIP,TextVQA_Open,64,caa_aware,caa,caa,image,500,500,proj_in,layer,1000,500,-0.0913218274815008,2.8190684337951244,0.8461040000000002,0.8330567524852549,0.644
VisionZIP,TextVQA_Open,64,caa_aware,caa,caa,image,500,500,proj_out,layer,1000,500,-0.0434903828590177,3.0415455953259953,0.867974,0.844359757693152,0.652
VisionZIP,TextVQA_Open,64,caa_aware,caa,caa,image,500,500,llm_image_l08,layer,1000,500,-0.052893264147569424,3.4837790517024696,0.8724400000000001,0.8497927201318621,0.66
VisionZIP,TextVQA_Open,64,caa_aware,caa,caa,image,500,500,llm_image_l16,layer,1000,500,-0.06451549079303641,3.16173154394282,0.8749100000000001,0.8499713038369416,0.662
VisionZIP,TextVQA_Open,64,caa_aware,caa,caa,image,500,500,llm_image_l24,layer,1000,500,-0.07433073145817616,2.4909551815805027,0.8890739999999999,0.8642143167468515,0.67
VisionZIP,TextVQA_Open,64,caa_aware,caa,caa,image,500,500,llm_image_l32,layer,1000,500,-0.04671628014557064,2.404325246657245,0.894788,0.871761487289245,0.688
VisionZIP,TextVQA_Open,64,caa_aware,caa,caa,image,500,500,visual_trajectory,stage,1000,500,-0.022291635279560698,4.128459584150128,0.94051,0.9447483549872098,0.888
VisionZIP,TextVQA_Open,64,caa_aware,caa,caa,image,500,500,projector_trajectory,stage,1000,500,-0.07019089168830617,3.0513691797585323,0.8601840000000001,0.8434778811604071,0.634
VisionZIP,TextVQA_Open,64,caa_aware,caa,caa,image,500,500,llm_trajectory,stage,1000,500,-0.06394085935432203,2.913755529277237,0.8842699999999999,0.8600958554109015,0.67
VisionZIP,TextVQA_Open,64,caa_aware,caa,caa,image,500,500,all_level_fused,fused,1000,500,-0.05214112877406296,3.364528097728632,0.915414,0.9126124212885951,0.82
VisionZIP,TextVQA_Open,64,fata_aware,fata,fata,image,500,500,vis_l06,layer,1000,500,0.005028671480249614,3.9796956281661986,0.9998759999999999,0.9997630079294264,1.0
VisionZIP,TextVQA_Open,64,fata_aware,fata,fata,image,500,500,vis_l12,layer,1000,500,0.0035646191508567427,3.365806302309036,0.985738,0.9270491702662993,0.99
VisionZIP,TextVQA_Open,64,fata_aware,fata,fata,image,500,500,vis_l18,layer,1000,500,0.026653951593558305,1.115880111137405,0.816096,0.6352134994121851,0.238
VisionZIP,TextVQA_Open,64,fata_aware,fata,fata,image,500,500,vis_l24,layer,1000,500,-0.08924005388945806,0.895123736788053,0.7670319999999999,0.6439961565701433,0.304
VisionZIP,TextVQA_Open,64,fata_aware,fata,fata,image,500,500,proj_in,layer,1000,500,-0.07755333365325351,0.9819584741024301,0.7677219999999999,0.6506479026988357,0.31
VisionZIP,TextVQA_Open,64,fata_aware,fata,fata,image,500,500,proj_out,layer,1000,500,-0.04606945161926706,0.7035583771215752,0.6964300000000001,0.5449180491343638,0.214
VisionZIP,TextVQA_Open,64,fata_aware,fata,fata,image,500,500,llm_image_l08,layer,1000,500,-0.06769567426969297,0.7668639130042866,0.717352,0.5669897193320772,0.228
VisionZIP,TextVQA_Open,64,fata_aware,fata,fata,image,500,500,llm_image_l16,layer,1000,500,-0.07260854064114391,0.7707896535294131,0.721472,0.56968430962898,0.254
VisionZIP,TextVQA_Open,64,fata_aware,fata,fata,image,500,500,llm_image_l24,layer,1000,500,-0.0789193858592771,0.8092189253680409,0.744562,0.5879569042277016,0.24
VisionZIP,TextVQA_Open,64,fata_aware,fata,fata,image,500,500,llm_image_l32,layer,1000,500,-0.06173730078019435,0.8493879069616087,0.7730699999999999,0.6210892512405709,0.27
VisionZIP,TextVQA_Open,64,fata_aware,fata,fata,image,500,500,visual_trajectory,stage,1000,500,-0.0050141029164495875,2.9185454808903204,0.983312,0.9351985458469931,0.96
VisionZIP,TextVQA_Open,64,fata_aware,fata,fata,image,500,500,projector_trajectory,stage,1000,500,-0.06414529149057059,0.8745795116041255,0.738458,0.6053281710949808,0.262
VisionZIP,TextVQA_Open,64,fata_aware,fata,fata,image,500,500,llm_trajectory,stage,1000,500,-0.0732879494848165,0.8093687151255988,0.739394,0.5861612785485704,0.256
VisionZIP,TextVQA_Open,64,fata_aware,fata,fata,image,500,500,all_level_fused,fused,1000,500,-0.047482447963945545,1.5341645692066816,0.9036639999999999,0.811117475207763,0.566
VisionZIP,VQAv2_MC,32,base_sanity,base,base,image,500,500,vis_l06,layer,1000,500,-0.0006263028308749199,4.168522444725037,1.0,1.0,1.0
VisionZIP,VQAv2_MC,32,base_sanity,base,base,image,500,500,vis_l12,layer,1000,500,-0.06854044834419619,7.141206381917,0.996266,0.9965061042773375,0.992
VisionZIP,VQAv2_MC,32,base_sanity,base,base,image,500,500,vis_l18,layer,1000,500,0.0445046712506155,3.432721435427666,0.9904040000000001,0.9814740854527716,0.952
VisionZIP,VQAv2_MC,32,base_sanity,base,base,image,500,500,vis_l24,layer,1000,500,-0.05195011332305148,4.1302450189217925,0.985555,0.9757742534354887,0.946
VisionZIP,VQAv2_MC,32,base_sanity,base,base,image,500,500,proj_in,layer,1000,500,0.07134521678014426,3.7539463458923854,0.9599779999999999,0.9380504210701539,0.796
VisionZIP,VQAv2_MC,32,base_sanity,base,base,image,500,500,proj_out,layer,1000,500,0.09407867877639364,1.3231584320641123,0.798368,0.6545500137341724,0.176
VisionZIP,VQAv2_MC,32,base_sanity,base,base,image,500,500,llm_image_l08,layer,1000,500,0.07687103903957176,1.188819505673484,0.793722,0.6439527014676575,0.162
VisionZIP,VQAv2_MC,32,base_sanity,base,base,image,500,500,llm_image_l16,layer,1000,500,0.08226217385870405,1.043816184488125,0.763256,0.6108854040746124,0.154
VisionZIP,VQAv2_MC,32,base_sanity,base,base,image,500,500,llm_image_l24,layer,1000,500,0.10021800137590617,1.0612344153258018,0.7639400000000001,0.6092432312851594,0.152
VisionZIP,VQAv2_MC,32,base_sanity,base,base,image,500,500,llm_image_l32,layer,1000,500,0.12482348067464773,1.6620908980465028,0.8409840000000001,0.7151337954212608,0.354
VisionZIP,VQAv2_MC,32,base_sanity,base,base,image,500,500,visual_trajectory,stage,1000,500,-0.024492243659388093,7.165702193591996,0.999984,0.9999679910873538,1.0
VisionZIP,VQAv2_MC,32,base_sanity,base,base,image,500,500,projector_trajectory,stage,1000,500,0.0903027787601527,2.7715264718353736,0.92153,0.8649187629725994,0.594
VisionZIP,VQAv2_MC,32,base_sanity,base,base,image,500,500,llm_trajectory,stage,1000,500,0.09684523447931412,1.2067756980194595,0.7923720000000001,0.6418949690677928,0.164
VisionZIP,VQAv2_MC,32,base_sanity,base,base,image,500,500,all_level_fused,fused,1000,500,0.054218589860026256,3.714668121148943,0.994712,0.9891125090234796,0.974
VisionZIP,VQAv2_MC,32,cage_unseen_base_dir,base,cage,image,500,500,vis_l06,layer,1000,500,-0.0006263028308749199,4.242179413795471,1.0,1.0,1.0
VisionZIP,VQAv2_MC,32,cage_unseen_base_dir,base,cage,image,500,500,vis_l12,layer,1000,500,-0.06854044834419619,9.878375841140747,0.9999800000000001,0.9999603800124156,1.0
VisionZIP,VQAv2_MC,32,cage_unseen_base_dir,base,cage,image,500,500,vis_l18,layer,1000,500,0.0445046712506155,6.208812078952789,0.999966,0.999931845764114,1.0
VisionZIP,VQAv2_MC,32,cage_unseen_base_dir,base,cage,image,500,500,vis_l24,layer,1000,500,-0.05195011332305148,4.409961634039879,0.991824,0.9838392930641391,0.964
VisionZIP,VQAv2_MC,32,cage_unseen_base_dir,base,cage,image,500,500,proj_in,layer,1000,500,0.07134521678014426,3.1963886002674697,0.94002,0.9090201998422712,0.732
VisionZIP,VQAv2_MC,32,cage_unseen_base_dir,base,cage,image,500,500,proj_out,layer,1000,500,0.09407867877639364,1.1502851169757777,0.776514,0.6201695163173138,0.18
VisionZIP,VQAv2_MC,32,cage_unseen_base_dir,base,cage,image,500,500,llm_image_l08,layer,1000,500,0.07687103903957176,1.0877514420789667,0.7860320000000001,0.6236406540973188,0.178
VisionZIP,VQAv2_MC,32,cage_unseen_base_dir,base,cage,image,500,500,llm_image_l16,layer,1000,500,0.08226217385870405,0.9694694460040191,0.752168,0.5881527923182028,0.164
VisionZIP,VQAv2_MC,32,cage_unseen_base_dir,base,cage,image,500,500,llm_image_l24,layer,1000,500,0.10021800137590617,1.0679933337257244,0.767766,0.6124133290032447,0.176
VisionZIP,VQAv2_MC,32,cage_unseen_base_dir,base,cage,image,500,500,llm_image_l32,layer,1000,500,0.12482348067464773,1.9111018903264776,0.8739080000000001,0.7653627852269704,0.424
VisionZIP,VQAv2_MC,32,cage_unseen_base_dir,base,cage,image,500,500,visual_trajectory,stage,1000,500,-0.024492243659388093,9.934947747028371,1.0,1.0,1.0
VisionZIP,VQAv2_MC,32,cage_unseen_base_dir,base,cage,image,500,500,projector_trajectory,stage,1000,500,0.0903027787601527,2.372793509936292,0.899942,0.8223064717045325,0.478
VisionZIP,VQAv2_MC,32,cage_unseen_base_dir,base,cage,image,500,500,llm_trajectory,stage,1000,500,0.09684523447931412,1.2089577158919242,0.800564,0.6475899218530906,0.186
VisionZIP,VQAv2_MC,32,cage_unseen_base_dir,base,cage,image,500,500,all_level_fused,fused,1000,500,0.054218589860026256,4.505566324285529,0.999,0.9979697171065969,0.998
VisionZIP,VQAv2_MC,32,caa_unseen_base_dir,base,caa,image,500,500,vis_l06,layer,1000,500,-0.0006263028308749199,1.8273777576573194,0.979544,0.9528123069467368,0.954
VisionZIP,VQAv2_MC,32,caa_unseen_base_dir,base,caa,image,500,500,vis_l12,layer,1000,500,-0.06854044834419619,5.3765961736291645,0.976936,0.97696108835225,0.944
VisionZIP,VQAv2_MC,32,caa_unseen_base_dir,base,caa,image,500,500,vis_l18,layer,1000,500,0.0445046712506155,3.191771186310798,0.979078,0.9670597545732849,0.898
VisionZIP,VQAv2_MC,32,caa_unseen_base_dir,base,caa,image,500,500,vis_l24,layer,1000,500,-0.05195011332305148,1.7060905549749732,0.8679479999999999,0.7743982032728707,0.464
VisionZIP,VQAv2_MC,32,caa_unseen_base_dir,base,caa,image,500,500,proj_in,layer,1000,500,0.07134521678014426,1.0668417425975203,0.731152,0.5967640515651012,0.226
VisionZIP,VQAv2_MC,32,caa_unseen_base_dir,base,caa,image,500,500,proj_out,layer,1000,500,0.09407867877639364,2.182997836712748,0.883846,0.8059994473600433,0.432
VisionZIP,VQAv2_MC,32,caa_unseen_base_dir,base,caa,image,500,500,llm_image_l08,layer,1000,500,0.07687103903957176,2.1877108568206896,0.8865460000000001,0.8064456386804775,0.424
VisionZIP,VQAv2_MC,32,caa_unseen_base_dir,base,caa,image,500,500,llm_image_l16,layer,1000,500,0.08226217385870405,2.1513919965010135,0.892028,0.8140450635114075,0.42
VisionZIP,VQAv2_MC,32,caa_unseen_base_dir,base,caa,image,500,500,llm_image_l24,layer,1000,500,0.10021800137590617,2.12209196966514,0.906282,0.8294596244446594,0.436
VisionZIP,VQAv2_MC,32,caa_unseen_base_dir,base,caa,image,500,500,llm_image_l32,layer,1000,500,0.12482348067464773,2.2440642922646368,0.88222,0.8072372297321184,0.548
VisionZIP,VQAv2_MC,32,caa_unseen_base_dir,base,caa,image,500,500,visual_trajectory,stage,1000,500,-0.024492243659388093,5.030000165827923,0.993498,0.9917146972637331,0.974
VisionZIP,VQAv2_MC,32,caa_unseen_base_dir,base,caa,image,500,500,projector_trajectory,stage,1000,500,0.0903027787601527,1.7740458004632222,0.8449580000000001,0.743917474119157,0.382
VisionZIP,VQAv2_MC,32,caa_unseen_base_dir,base,caa,image,500,500,llm_trajectory,stage,1000,500,0.09684523447931412,2.2181569190445165,0.900192,0.8265353356208813,0.456
VisionZIP,VQAv2_MC,32,caa_unseen_base_dir,base,caa,image,500,500,all_level_fused,fused,1000,500,0.054218589860026256,3.007400961778554,0.976046,0.9580529478905055,0.85
VisionZIP,VQAv2_MC,32,fata_unseen_base_dir,base,fata,image,500,500,vis_l06,layer,1000,500,-0.0006263028308749199,4.0842633862495425,1.0,1.0,1.0
VisionZIP,VQAv2_MC,32,fata_unseen_base_dir,base,fata,image,500,500,vis_l12,layer,1000,500,-0.06854044834419619,4.212209224432707,0.9854959999999999,0.9842204492560896,0.964
VisionZIP,VQAv2_MC,32,fata_unseen_base_dir,base,fata,image,500,500,vis_l18,layer,1000,500,0.0445046712506155,1.872024602582678,0.911922,0.8287642037950301,0.546
VisionZIP,VQAv2_MC,32,fata_unseen_base_dir,base,fata,image,500,500,vis_l24,layer,1000,500,-0.05195011332305148,0.9981118841953576,0.764278,0.61081990925084,0.254
VisionZIP,VQAv2_MC,32,fata_unseen_base_dir,base,fata,image,500,500,proj_in,layer,1000,500,0.07134521678014426,1.1085456420001574,0.73509,0.6009493278830416,0.23
VisionZIP,VQAv2_MC,32,fata_unseen_base_dir,base,fata,image,500,500,proj_out,layer,1000,500,0.09407867877639364,0.8608472364579793,0.7008840000000001,0.5449172381152508,0.162
VisionZIP,VQAv2_MC,32,fata_unseen_base_dir,base,fata,image,500,500,llm_image_l08,layer,1000,500,0.07687103903957176,0.8264862236925401,0.707038,0.5505915984744667,0.162
VisionZIP,VQAv2_MC,32,fata_unseen_base_dir,base,fata,image,500,500,llm_image_l16,layer,1000,500,0.08226217385870405,0.8314737787535414,0.707816,0.5465805625308294,0.162
VisionZIP,VQAv2_MC,32,fata_unseen_base_dir,base,fata,image,500,500,llm_image_l24,layer,1000,500,0.10021800137590617,0.9234040801497176,0.731452,0.566730770446872,0.162
VisionZIP,VQAv2_MC,32,fata_unseen_base_dir,base,fata,image,500,500,llm_image_l32,layer,1000,500,0.12482348067464773,1.0373754584752024,0.732422,0.5661078812799994,0.198
VisionZIP,VQAv2_MC,32,fata_unseen_base_dir,base,fata,image,500,500,visual_trajectory,stage,1000,500,-0.024492243659388093,4.197914388071382,0.998962,0.9977069881130217,1.0
VisionZIP,VQAv2_MC,32,fata_unseen_base_dir,base,fata,image,500,500,projector_trajectory,stage,1000,500,0.0903027787601527,1.075066344296434,0.733462,0.5840295910774502,0.186
VisionZIP,VQAv2_MC,32,fata_unseen_base_dir,base,fata,image,500,500,llm_trajectory,stage,1000,500,0.09684523447931412,0.9183883630950936,0.728556,0.5660280292986702,0.164
VisionZIP,VQAv2_MC,32,fata_unseen_base_dir,base,fata,image,500,500,all_level_fused,fused,1000,500,0.054218589860026256,2.0637896984876365,0.9474440000000001,0.884947941077757,0.64
VisionZIP,VQAv2_MC,32,cage_aware,cage,cage,image,500,500,vis_l06,layer,1000,500,0.003444896012544632,4.37575734949112,1.0,1.0,1.0
VisionZIP,VQAv2_MC,32,cage_aware,cage,cage,image,500,500,vis_l12,layer,1000,500,-0.083522816198878,10.389939099788666,0.999994,0.99998803187251,1.0
VisionZIP,VQAv2_MC,32,cage_aware,cage,cage,image,500,500,vis_l18,layer,1000,500,0.15479806864721468,5.889329356193542,0.999234,0.9987520737086579,0.996
VisionZIP,VQAv2_MC,32,cage_aware,cage,cage,image,500,500,vis_l24,layer,1000,500,-0.04596306592592737,9.252187996864318,0.999672,0.9993904154266469,0.998
VisionZIP,VQAv2_MC,32,cage_aware,cage,cage,image,500,500,proj_in,layer,1000,500,0.051985455109621395,9.851345267772675,0.998788,0.9976798580574989,0.992
VisionZIP,VQAv2_MC,32,cage_aware,cage,cage,image,500,500,proj_out,layer,1000,500,0.1580964608391514,3.2029823585376143,0.937222,0.8692537445676494,0.49
VisionZIP,VQAv2_MC,32,cage_aware,cage,cage,image,500,500,llm_image_l08,layer,1000,500,0.13005095490546956,2.8987929269652812,0.929496,0.8407878066333312,0.378
VisionZIP,VQAv2_MC,32,cage_aware,cage,cage,image,500,500,llm_image_l16,layer,1000,500,0.11479783671919722,2.3988667905293406,0.91422,0.806277733402865,0.322
VisionZIP,VQAv2_MC,32,cage_aware,cage,cage,image,500,500,llm_image_l24,layer,1000,500,0.12548579371377128,2.499929887704551,0.92414,0.8261911369750831,0.334
VisionZIP,VQAv2_MC,32,cage_aware,cage,cage,image,500,500,llm_image_l32,layer,1000,500,0.1251213242407539,4.929579099416733,0.9893500000000001,0.9784112727728831,0.962
VisionZIP,VQAv2_MC,32,cage_aware,cage,cage,image,500,500,visual_trajectory,stage,1000,500,0.024192087311498994,11.169857677899994,1.0,1.0,1.0
VisionZIP,VQAv2_MC,32,cage_aware,cage,cage,image,500,500,projector_trajectory,stage,1000,500,0.11773145315028591,7.315741006416167,0.994462,0.9892980457615395,0.97
VisionZIP,VQAv2_MC,32,cage_aware,cage,cage,image,500,500,llm_trajectory,stage,1000,500,0.12769529226962426,3.059170680711378,0.9453480000000001,0.8701179328246518,0.472
VisionZIP,VQAv2_MC,32,cage_aware,cage,cage,image,500,500,all_level_fused,fused,1000,500,0.08987294424380309,7.181589788342513,0.9999020000000001,0.9998070094751532,1.0
VisionZIP,VQAv2_MC,32,caa_aware,caa,caa,image,500,500,vis_l06,layer,1000,500,0.003164498289232142,4.098109962228685,0.994476,0.9945341476276677,0.988
VisionZIP,VQAv2_MC,32,caa_aware,caa,caa,image,500,500,vis_l12,layer,1000,500,-0.0816318454311695,4.748418504193425,0.9533559999999999,0.9638495105703211,0.936
VisionZIP,VQAv2_MC,32,caa_aware,caa,caa,image,500,500,vis_l18,layer,1000,500,0.166236369473394,3.746624456614256,0.9641660000000001,0.9497483345635075,0.86
VisionZIP,VQAv2_MC,32,caa_aware,caa,caa,image,500,500,vis_l24,layer,1000,500,0.13948659663600846,3.5853685170933605,0.95839,0.9434598165437188,0.842
VisionZIP,VQAv2_MC,32,caa_aware,caa,caa,image,500,500,proj_in,layer,1000,500,0.11408452709118137,3.2335094141545704,0.915052,0.8663904337899752,0.6
VisionZIP,VQAv2_MC,32,caa_aware,caa,caa,image,500,500,proj_out,layer,1000,500,0.10741512577544199,2.3944918971490115,0.892488,0.8234724871202571,0.464
VisionZIP,VQAv2_MC,32,caa_aware,caa,caa,image,500,500,llm_image_l08,layer,1000,500,0.08396139767031854,2.367421633814927,0.893524,0.821364595120184,0.45
VisionZIP,VQAv2_MC,32,caa_aware,caa,caa,image,500,500,llm_image_l16,layer,1000,500,0.07832030049711466,2.222574152043089,0.897002,0.8223109558224739,0.458
VisionZIP,VQAv2_MC,32,caa_aware,caa,caa,image,500,500,llm_image_l24,layer,1000,500,0.0888934527032543,2.152433543952182,0.9088820000000001,0.8354735052169557,0.462
VisionZIP,VQAv2_MC,32,caa_aware,caa,caa,image,500,500,llm_image_l32,layer,1000,500,0.09628855097675841,2.4065272489939815,0.91205,0.8431674526438115,0.542
VisionZIP,VQAv2_MC,32,caa_aware,caa,caa,image,500,500,visual_trajectory,stage,1000,500,0.07567399239467847,5.987129433662177,0.9802719999999999,0.9792683091725921,0.952
VisionZIP,VQAv2_MC,32,caa_aware,caa,caa,image,500,500,projector_trajectory,stage,1000,500,0.11434656455566392,2.905388943056776,0.9100020000000001,0.8546785696693984,0.556
VisionZIP,VQAv2_MC,32,caa_aware,caa,caa,image,500,500,llm_trajectory,stage,1000,500,0.08693884245603627,2.284455585889477,0.906016,0.8358669860379376,0.47
VisionZIP,VQAv2_MC,32,caa_aware,caa,caa,image,500,500,all_level_fused,fused,1000,500,0.09231979980212622,3.725657987536143,0.9706739999999999,0.9568252214265995,0.862
VisionZIP,VQAv2_MC,32,fata_aware,fata,fata,image,500,500,vis_l06,layer,1000,500,0.0011866656467318536,4.197573440074921,1.0,1.0,1.0
VisionZIP,VQAv2_MC,32,fata_aware,fata,fata,image,500,500,vis_l12,layer,1000,500,0.0024275304563052486,4.701033934593201,0.998294,0.9962076695180568,1.0
VisionZIP,VQAv2_MC,32,fata_aware,fata,fata,image,500,500,vis_l18,layer,1000,500,0.13675764927771525,1.42128439004533,0.83605,0.6672149498151316,0.284
VisionZIP,VQAv2_MC,32,fata_aware,fata,fata,image,500,500,vis_l24,layer,1000,500,0.14413063635700382,1.3368399789230898,0.78828,0.7000731489756934,0.454
VisionZIP,VQAv2_MC,32,fata_aware,fata,fata,image,500,500,proj_in,layer,1000,500,0.1747222386043577,1.4700446272566914,0.773916,0.6344714365676343,0.226
VisionZIP,VQAv2_MC,32,fata_aware,fata,fata,image,500,500,proj_out,layer,1000,500,0.11604093113401905,0.8534192215576768,0.692528,0.5300085527811892,0.156
VisionZIP,VQAv2_MC,32,fata_aware,fata,fata,image,500,500,llm_image_l08,layer,1000,500,0.08961352214711951,0.8549902732709306,0.709982,0.5411032157604825,0.162
VisionZIP,VQAv2_MC,32,fata_aware,fata,fata,image,500,500,llm_image_l16,layer,1000,500,0.0830224494166614,0.8578375121457502,0.7163,0.543126448352979,0.16
VisionZIP,VQAv2_MC,32,fata_aware,fata,fata,image,500,500,llm_image_l24,layer,1000,500,0.09573602647590451,0.9313922564201057,0.734098,0.559355482405097,0.154
VisionZIP,VQAv2_MC,32,fata_aware,fata,fata,image,500,500,llm_image_l32,layer,1000,500,0.11202367088367464,1.0776944346066812,0.761922,0.5898346995872012,0.168
VisionZIP,VQAv2_MC,32,fata_aware,fata,fata,image,500,500,visual_trajectory,stage,1000,500,0.09095638229060063,3.8167695723995494,0.9961679999999999,0.9910492175728673,0.996
VisionZIP,VQAv2_MC,32,fata_aware,fata,fata,image,500,500,projector_trajectory,stage,1000,500,0.15080478431412778,1.2050682229905973,0.7439739999999999,0.5928372662542865,0.192
VisionZIP,VQAv2_MC,32,fata_aware,fata,fata,image,500,500,llm_trajectory,stage,1000,500,0.09450752459366372,0.9314866394745325,0.733908,0.5621078682965156,0.162
VisionZIP,VQAv2_MC,32,fata_aware,fata,fata,image,500,500,all_level_fused,fused,1000,500,0.11208956373279738,1.9844414782882263,0.928374,0.8423483622436697,0.5
VisionZIP,VQAv2_Open,64,base_sanity,base,base,image,500,500,vis_l06,layer,1000,500,-0.030564530553296207,4.09321031332016,0.9999540000000001,0.9999096191075737,1.0
VisionZIP,VQAv2_Open,64,base_sanity,base,base,image,500,500,vis_l12,layer,1000,500,-0.07389183769118972,6.574615071058274,0.9968039999999999,0.9950178865733744,0.978
VisionZIP,VQAv2_Open,64,base_sanity,base,base,image,500,500,vis_l18,layer,1000,500,0.00246651144977659,3.4323364458084105,0.9915999999999999,0.9826550380001913,0.968
VisionZIP,VQAv2_Open,64,base_sanity,base,base,image,500,500,vis_l24,layer,1000,500,0.026713922711322086,4.640015334263444,0.991204,0.9813563624138383,0.978
VisionZIP,VQAv2_Open,64,base_sanity,base,base,image,500,500,proj_in,layer,1000,500,0.09489780013251584,4.858401259183884,0.9894099999999999,0.9780868937722692,0.964
VisionZIP,VQAv2_Open,64,base_sanity,base,base,image,500,500,proj_out,layer,1000,500,-0.09463317576586269,2.0405511485431345,0.889016,0.8177420247781664,0.524
VisionZIP,VQAv2_Open,64,base_sanity,base,base,image,500,500,llm_image_l08,layer,1000,500,-0.10097042862256057,1.9811701514944433,0.8830780000000001,0.8056437560465304,0.522
VisionZIP,VQAv2_Open,64,base_sanity,base,base,image,500,500,llm_image_l16,layer,1000,500,-0.14638380317771224,1.5623890850447932,0.843776,0.7405109312366309,0.448
VisionZIP,VQAv2_Open,64,base_sanity,base,base,image,500,500,llm_image_l24,layer,1000,500,-0.1905120898326859,1.4304693214856088,0.8329,0.7212656736664438,0.372
VisionZIP,VQAv2_Open,64,base_sanity,base,base,image,500,500,llm_image_l32,layer,1000,500,-0.07443204111733939,2.2690347591890023,0.912612,0.8300404450985555,0.606
VisionZIP,VQAv2_Open,64,base_sanity,base,base,image,500,500,visual_trajectory,stage,1000,500,-0.036817871056919214,7.214718220999808,0.999834,0.9996734740499416,1.0
VisionZIP,VQAv2_Open,64,base_sanity,base,base,image,500,500,projector_trajectory,stage,1000,500,0.00015014475857775978,3.9145273980191995,0.9765259999999999,0.9554781117552701,0.874
VisionZIP,VQAv2_Open,64,base_sanity,base,base,image,500,500,llm_trajectory,stage,1000,500,-0.14846831926229614,1.7895906879587022,0.871742,0.7801317399360994,0.496
VisionZIP,VQAv2_Open,64,base_sanity,base,base,image,500,500,all_level_fused,fused,1000,500,-0.0617120151868792,4.30627876899257,0.99489,0.9891851752354616,0.984
VisionZIP,VQAv2_Open,64,cage_unseen_base_dir,base,cage,image,500,500,vis_l06,layer,1000,500,-0.030564530553296207,4.15881292629242,0.999968,0.99993631809271,1.0
VisionZIP,VQAv2_Open,64,cage_unseen_base_dir,base,cage,image,500,500,vis_l12,layer,1000,500,-0.07389183769118972,8.958492369174957,0.999674,0.999410675941438,0.998
VisionZIP,VQAv2_Open,64,cage_unseen_base_dir,base,cage,image,500,500,vis_l18,layer,1000,500,0.00246651144977659,6.166419074058533,0.9999879999999999,0.9999761193793415,1.0
VisionZIP,VQAv2_Open,64,cage_unseen_base_dir,base,cage,image,500,500,vis_l24,layer,1000,500,0.026713922711322086,4.815322431564331,0.9946059999999999,0.9865227186393819,0.99
VisionZIP,VQAv2_Open,64,cage_unseen_base_dir,base,cage,image,500,500,proj_in,layer,1000,500,0.09489780013251584,3.8551255077123643,0.979474,0.9580403700871764,0.932
VisionZIP,VQAv2_Open,64,cage_unseen_base_dir,base,cage,image,500,500,proj_out,layer,1000,500,-0.09463317576586269,1.745811054892838,0.8605680000000001,0.7774822578841794,0.47
VisionZIP,VQAv2_Open,64,cage_unseen_base_dir,base,cage,image,500,500,llm_image_l08,layer,1000,500,-0.10097042862256057,1.7630602030325682,0.8624139999999999,0.7789696820278191,0.484
VisionZIP,VQAv2_Open,64,cage_unseen_base_dir,base,cage,image,500,500,llm_image_l16,layer,1000,500,-0.14638380317771224,1.3966095933569596,0.820954,0.7111681024191966,0.402
VisionZIP,VQAv2_Open,64,cage_unseen_base_dir,base,cage,image,500,500,llm_image_l24,layer,1000,500,-0.1905120898326859,1.408031536772847,0.82598,0.7199088410231846,0.378
VisionZIP,VQAv2_Open,64,cage_unseen_base_dir,base,cage,image,500,500,llm_image_l32,layer,1000,500,-0.07443204111733939,3.0600580677241087,0.9641660000000001,0.9242483361607114,0.846
VisionZIP,VQAv2_Open,64,cage_unseen_base_dir,base,cage,image,500,500,visual_trajectory,stage,1000,500,-0.036817871056919214,9.844106843412167,1.0,1.0,1.0
VisionZIP,VQAv2_Open,64,cage_unseen_base_dir,base,cage,image,500,500,projector_trajectory,stage,1000,500,0.00015014475857775978,3.178021578641218,0.9593379999999999,0.9252489837063068,0.794
VisionZIP,VQAv2_Open,64,cage_unseen_base_dir,base,cage,image,500,500,llm_trajectory,stage,1000,500,-0.14846831926229614,1.8239419318126817,0.8784879999999999,0.7920946052532238,0.486
VisionZIP,VQAv2_Open,64,cage_unseen_base_dir,base,cage,image,500,500,all_level_fused,fused,1000,500,-0.0617120151868792,4.948690117955355,0.997926,0.9956761926945545,0.992
VisionZIP,VQAv2_Open,64,caa_unseen_base_dir,base,caa,image,500,500,vis_l06,layer,1000,500,-0.030564530553296207,1.741044338002801,0.970282,0.9395569019935226,0.932
VisionZIP,VQAv2_Open,64,caa_unseen_base_dir,base,caa,image,500,500,vis_l12,layer,1000,500,-0.07389183769118972,4.906261171817779,0.9706079999999999,0.9761665307013558,0.954
VisionZIP,VQAv2_Open,64,caa_unseen_base_dir,base,caa,image,500,500,vis_l18,layer,1000,500,0.00246651144977659,3.0723140586134976,0.973258,0.9596383203488807,0.914
VisionZIP,VQAv2_Open,64,caa_unseen_base_dir,base,caa,image,500,500,vis_l24,layer,1000,500,0.026713922711322086,1.462336811109504,0.8099259999999999,0.7194238431384534,0.482
VisionZIP,VQAv2_Open,64,caa_unseen_base_dir,base,caa,image,500,500,proj_in,layer,1000,500,0.09489780013251584,0.8485349944429472,0.6759360000000001,0.5458622945783254,0.25
VisionZIP,VQAv2_Open,64,caa_unseen_base_dir,base,caa,image,500,500,proj_out,layer,1000,500,-0.09463317576586269,2.9773062254283578,0.8944840000000001,0.8651289967779385,0.678
VisionZIP,VQAv2_Open,64,caa_unseen_base_dir,base,caa,image,500,500,llm_image_l08,layer,1000,500,-0.10097042862256057,3.4056610206803306,0.89997,0.872971717158021,0.716
VisionZIP,VQAv2_Open,64,caa_unseen_base_dir,base,caa,image,500,500,llm_image_l16,layer,1000,500,-0.14638380317771224,3.3524316398754017,0.908162,0.8845092918923052,0.758
VisionZIP,VQAv2_Open,64,caa_unseen_base_dir,base,caa,image,500,500,llm_image_l24,layer,1000,500,-0.1905120898326859,3.1223943502157927,0.92581,0.904659787745717,0.776
VisionZIP,VQAv2_Open,64,caa_unseen_base_dir,base,caa,image,500,500,llm_image_l32,layer,1000,500,-0.07443204111733939,2.8070654076663777,0.8929020000000001,0.8396000541012827,0.616
VisionZIP,VQAv2_Open,64,caa_unseen_base_dir,base,caa,image,500,500,visual_trajectory,stage,1000,500,-0.036817871056919214,4.808752836582078,0.9824719999999999,0.980445053640818,0.958
VisionZIP,VQAv2_Open,64,caa_unseen_base_dir,base,caa,image,500,500,projector_trajectory,stage,1000,500,0.00015014475857775978,2.1708165781879494,0.853262,0.7990793975099775,0.562
VisionZIP,VQAv2_Open,64,caa_unseen_base_dir,base,caa,image,500,500,llm_trajectory,stage,1000,500,-0.14846831926229614,3.350241908252744,0.916272,0.8928487907942069,0.762
VisionZIP,VQAv2_Open,64,caa_unseen_base_dir,base,caa,image,500,500,all_level_fused,fused,1000,500,-0.0617120151868792,3.4432704410075905,0.959434,0.9447187850191924,0.86
VisionZIP,VQAv2_Open,64,fata_unseen_base_dir,base,fata,image,500,500,vis_l06,layer,1000,500,-0.030564530553296207,4.007890248060226,0.99996,0.9999205377931843,1.0
VisionZIP,VQAv2_Open,64,fata_unseen_base_dir,base,fata,image,500,500,vis_l12,layer,1000,500,-0.07389183769118972,3.8477938774228098,0.971746,0.9750580363997503,0.958
VisionZIP,VQAv2_Open,64,fata_unseen_base_dir,base,fata,image,500,500,vis_l18,layer,1000,500,0.00246651144977659,1.7490471244584769,0.908172,0.8109493326155732,0.526
VisionZIP,VQAv2_Open,64,fata_unseen_base_dir,base,fata,image,500,500,vis_l24,layer,1000,500,0.026713922711322086,1.0348861015028232,0.743594,0.6198250973517196,0.336
VisionZIP,VQAv2_Open,64,fata_unseen_base_dir,base,fata,image,500,500,proj_in,layer,1000,500,0.09489780013251584,1.1737837062473409,0.749192,0.6252487651441878,0.35
VisionZIP,VQAv2_Open,64,fata_unseen_base_dir,base,fata,image,500,500,proj_out,layer,1000,500,-0.09463317576586269,0.9856833232194185,0.722148,0.5988988917750039,0.236
VisionZIP,VQAv2_Open,64,fata_unseen_base_dir,base,fata,image,500,500,llm_image_l08,layer,1000,500,-0.10097042862256057,1.0330923930769786,0.726594,0.6058925056643881,0.258
VisionZIP,VQAv2_Open,64,fata_unseen_base_dir,base,fata,image,500,500,llm_image_l16,layer,1000,500,-0.14638380317771224,0.9344111713721941,0.715714,0.5914115974766769,0.252
VisionZIP,VQAv2_Open,64,fata_unseen_base_dir,base,fata,image,500,500,llm_image_l24,layer,1000,500,-0.1905120898326859,0.9640206801388412,0.7311300000000001,0.607749605754835,0.244
VisionZIP,VQAv2_Open,64,fata_unseen_base_dir,base,fata,image,500,500,llm_image_l32,layer,1000,500,-0.07443204111733939,1.0345660247481427,0.7425719999999999,0.583470699441768,0.258
VisionZIP,VQAv2_Open,64,fata_unseen_base_dir,base,fata,image,500,500,visual_trajectory,stage,1000,500,-0.036817871056919214,4.074892950259062,0.991946,0.9843171612084339,0.982
VisionZIP,VQAv2_Open,64,fata_unseen_base_dir,base,fata,image,500,500,projector_trajectory,stage,1000,500,0.00015014475857775978,1.2253009335934548,0.767678,0.6386717440813439,0.272
VisionZIP,VQAv2_Open,64,fata_unseen_base_dir,base,fata,image,500,500,llm_trajectory,stage,1000,500,-0.14846831926229614,1.0253198954635485,0.7329220000000001,0.6052638251554221,0.258
VisionZIP,VQAv2_Open,64,fata_unseen_base_dir,base,fata,image,500,500,all_level_fused,fused,1000,500,-0.0617120151868792,2.108504593105355,0.9350620000000001,0.8679444782856917,0.658
VisionZIP,VQAv2_Open,64,cage_aware,cage,cage,image,500,500,vis_l06,layer,1000,500,-0.027651973482221363,4.242027394294738,0.9998900000000001,0.9997850814732596,1.0
VisionZIP,VQAv2_Open,64,cage_aware,cage,cage,image,500,500,vis_l12,layer,1000,500,-0.06835233813594095,9.108889880657197,0.999918,0.999837661925254,1.0
VisionZIP,VQAv2_Open,64,cage_aware,cage,cage,image,500,500,vis_l18,layer,1000,500,0.0323080265012104,5.624087648391724,0.999506,0.9991101631395495,0.996
VisionZIP,VQAv2_Open,64,cage_aware,cage,cage,image,500,500,vis_l24,layer,1000,500,0.17176541433366946,8.871827966213226,0.999772,0.9995345126465529,1.0
VisionZIP,VQAv2_Open,64,cage_aware,cage,cage,image,500,500,proj_in,layer,1000,500,0.16705503563629465,10.493426217556,0.99969,0.9993719857246768,1.0
VisionZIP,VQAv2_Open,64,cage_aware,cage,cage,image,500,500,proj_out,layer,1000,500,0.0196931258252589,4.499072276366874,0.98088,0.9643219811530532,0.892
VisionZIP,VQAv2_Open,64,cage_aware,cage,cage,image,500,500,llm_image_l08,layer,1000,500,0.030209702033782378,4.722757763803005,0.98221,0.9627086193922629,0.894
VisionZIP,VQAv2_Open,64,cage_aware,cage,cage,image,500,500,llm_image_l16,layer,1000,500,-0.03829717026161961,4.330378155499696,0.9798419999999999,0.9596223233126694,0.878
VisionZIP,VQAv2_Open,64,cage_aware,cage,cage,image,500,500,llm_image_l24,layer,1000,500,-0.054916820288985035,4.286474924325943,0.981758,0.9642702844816429,0.94
VisionZIP,VQAv2_Open,64,cage_aware,cage,cage,image,500,500,llm_image_l32,layer,1000,500,0.13635800738690887,7.574478003025055,0.997338,0.9945278984838791,0.998
VisionZIP,VQAv2_Open,64,cage_aware,cage,cage,image,500,500,visual_trajectory,stage,1000,500,0.017409042088452124,10.291922015245644,1.0,1.0,1.0
VisionZIP,VQAv2_Open,64,cage_aware,cage,cage,image,500,500,projector_trajectory,stage,1000,500,0.10869768628055763,8.726457491017598,0.99909,0.9982694540406865,0.996
VisionZIP,VQAv2_Open,64,cage_aware,cage,cage,image,500,500,llm_trajectory,stage,1000,500,-0.0035358924231329676,5.257639073287859,0.9911199999999999,0.9802104909378501,0.968
VisionZIP,VQAv2_Open,64,cage_aware,cage,cage,image,500,500,all_level_fused,fused,1000,500,0.04085694531529225,8.092006193183702,0.99975,0.9995178288931628,1.0
VisionZIP,VQAv2_Open,64,caa_aware,caa,caa,image,500,500,vis_l06,layer,1000,500,-0.0020751395563129334,3.9760837601423265,0.9830339999999999,0.9850739783506024,0.972
VisionZIP,VQAv2_Open,64,caa_aware,caa,caa,image,500,500,vis_l12,layer,1000,500,-0.0657681511124174,4.264423431515693,0.960038,0.9693201882792245,0.944
VisionZIP,VQAv2_Open,64,caa_aware,caa,caa,image,500,500,vis_l18,layer,1000,500,-0.13841001245810183,3.598523699194193,0.9497199999999999,0.9405209118356408,0.87
VisionZIP,VQAv2_Open,64,caa_aware,caa,caa,image,500,500,vis_l24,layer,1000,500,-0.19807941672578455,3.393480969117023,0.930956,0.9163995340528978,0.78
VisionZIP,VQAv2_Open,64,caa_aware,caa,caa,image,500,500,proj_in,layer,1000,500,-0.1612497697304998,3.661470572710037,0.91655,0.9026359804973227,0.764
VisionZIP,VQAv2_Open,64,caa_aware,caa,caa,image,500,500,proj_out,layer,1000,500,-0.11006979948119261,3.427001735442318,0.9065380000000001,0.8836497903343927,0.73
VisionZIP,VQAv2_Open,64,caa_aware,caa,caa,image,500,500,llm_image_l08,layer,1000,500,-0.11881954671896529,3.852554635424167,0.909098,0.8873132600969504,0.75
VisionZIP,VQAv2_Open,64,caa_aware,caa,caa,image,500,500,llm_image_l16,layer,1000,500,-0.16214536416181363,3.601235556120053,0.9148320000000001,0.8905083937311462,0.764
VisionZIP,VQAv2_Open,64,caa_aware,caa,caa,image,500,500,llm_image_l24,layer,1000,500,-0.2055937151046819,3.1328747896775604,0.92693,0.9037277963860582,0.774
VisionZIP,VQAv2_Open,64,caa_aware,caa,caa,image,500,500,llm_image_l32,layer,1000,500,-0.12363311316724866,3.4674157379977406,0.932146,0.9068553319587439,0.802
VisionZIP,VQAv2_Open,64,caa_aware,caa,caa,image,500,500,visual_trajectory,stage,1000,500,-0.15148220443822222,5.749364902172923,0.9653239999999998,0.9692276477837307,0.94
VisionZIP,VQAv2_Open,64,caa_aware,caa,caa,image,500,500,projector_trajectory,stage,1000,500,-0.14413424085287677,3.765638800696437,0.915362,0.8996695560761807,0.77
VisionZIP,VQAv2_Open,64,caa_aware,caa,caa,image,500,500,llm_trajectory,stage,1000,500,-0.16604926281846,3.5297627406786063,0.923132,0.9012587522763865,0.772
VisionZIP,VQAv2_Open,64,caa_aware,caa,caa,image,500,500,all_level_fused,fused,1000,500,-0.15388856936985298,4.3482554811826555,0.9516999999999999,0.9474168149363844,0.882
VisionZIP,VQAv2_Open,64,fata_aware,fata,fata,image,500,500,vis_l06,layer,1000,500,-0.025464978888630866,4.156548258304596,0.9999859999999999,0.9999721349361588,1.0
VisionZIP,VQAv2_Open,64,fata_aware,fata,fata,image,500,500,vis_l12,layer,1000,500,-0.06397891649891972,4.576402974605561,0.99492,0.9786814792325428,1.0
VisionZIP,VQAv2_Open,64,fata_aware,fata,fata,image,500,500,vis_l18,layer,1000,500,-0.07009672287059948,1.1788356538955123,0.8455440000000001,0.674436704402957,0.324
VisionZIP,VQAv2_Open,64,fata_aware,fata,fata,image,500,500,vis_l24,layer,1000,500,-0.17595935712801292,1.1460202173794969,0.764304,0.6714217454654527,0.346
VisionZIP,VQAv2_Open,64,fata_aware,fata,fata,image,500,500,proj_in,layer,1000,500,-0.12571059608110227,1.4030060807634146,0.7940579999999999,0.7083278365083742,0.43
VisionZIP,VQAv2_Open,64,fata_aware,fata,fata,image,500,500,proj_out,layer,1000,500,-0.10350220312998863,0.9136433471703785,0.704684,0.5780071485541107,0.22
VisionZIP,VQAv2_Open,64,fata_aware,fata,fata,image,500,500,llm_image_l08,layer,1000,500,-0.12079243237071205,1.000077948531136,0.7176819999999999,0.5968866837475455,0.238
VisionZIP,VQAv2_Open,64,fata_aware,fata,fata,image,500,500,llm_image_l16,layer,1000,500,-0.1676065051201731,0.9218863861784339,0.717708,0.5934630580200191,0.242
VisionZIP,VQAv2_Open,64,fata_aware,fata,fata,image,500,500,llm_image_l24,layer,1000,500,-0.20924138348503038,0.9104691778924316,0.7275260000000001,0.5994434082174597,0.238
VisionZIP,VQAv2_Open,64,fata_aware,fata,fata,image,500,500,llm_image_l32,layer,1000,500,-0.13350507570907574,1.15873197674565,0.7768379999999999,0.6356622886032415,0.272
VisionZIP,VQAv2_Open,64,fata_aware,fata,fata,image,500,500,visual_trajectory,stage,1000,500,-0.10042535248161033,3.5957066263305024,0.994236,0.9791354950516392,1.0
VisionZIP,VQAv2_Open,64,fata_aware,fata,fata,image,500,500,projector_trajectory,stage,1000,500,-0.12035105729172939,1.216385963453325,0.758726,0.6579302667977673,0.348
VisionZIP,VQAv2_Open,64,fata_aware,fata,fata,image,500,500,llm_trajectory,stage,1000,500,-0.17154260161909998,0.9910601112980674,0.7326919999999999,0.6091737221119794,0.232
VisionZIP,VQAv2_Open,64,fata_aware,fata,fata,image,500,500,all_level_fused,fused,1000,500,-0.13077300379747991,1.9343842336939647,0.921454,0.8501180146258074,0.626
